Rk,Player,Tag,Pos,Age,Tm,G,GS,MP,FG,FGA,FG%,3P,3PA,3P%,2P,2PA,2P%,eFG%,FT,FTA,FT%,ORB,DRB,TRB,AST,STL,BLK,TOV,PF,PTS,Dup,Total
1,Quincy Acy,acyqu01,PF,25,SAC,59,29,876,119,214,0.556,19,49,0.388,100,165,0.606,0.6,50,68,0.735,65,123,188,27,29,24,27,103,307,0,1
2,Jordan Adams,adamsjo01,SG,21,MEM,2,0,15,2,6,0.333,0,1,0,2,5,0.4,0.333,3,5,0.6,0,2,2,3,3,0,2,2,7,0,1
3,Steven Adams,adamsst01,C,22,OKC,80,80,2014,261,426,0.613,0,0,0,261,426,0.613,0.613,114,196,0.582,219,314,533,62,42,89,84,223,636,0,1
4,Arron Afflalo,afflaar01,SG,30,NYK,71,57,2371,354,799,0.443,91,238,0.382,263,561,0.469,0.5,110,131,0.84,23,243,266,144,25,10,82,142,909,0,1
5,Alexis Ajinca,ajincal01,C,27,NOP,59,17,861,150,315,0.476,0,1,0,150,314,0.478,0.476,52,62,0.839,75,194,269,31,19,36,54,134,352,0,1
6,Cole Aldrich,aldrico01,C,27,LAC,60,5,800,134,225,0.596,0,0,0,134,225,0.596,0.596,60,84,0.714,86,202,288,50,47,68,64,139,328,0,1
7,LaMarcus Aldridge,aldrila01,PF,30,SAS,74,74,2261,536,1045,0.513,0,16,0,536,1029,0.521,0.513,259,302,0.858,176,456,632,110,38,81,99,151,1331,0,1
8,Cliff Alexander,alexacl01,PF,20,POR,8,0,36,5,10,0.5,0,0,0,5,10,0.5,0.5,0,0,0,2,4,6,0,1,2,1,1,10,0,1
9,Lavoy Allen,allenla01,PF,26,IND,79,28,1599,191,370,0.516,0,0,0,191,370,0.516,0.516,46,73,0.63,162,262,424,76,26,42,69,147,428,0,1
10,Tony Allen,allento01,SG,34,MEM,64,57,1620,215,469,0.458,15,42,0.357,200,427,0.468,0.474,90,138,0.652,104,192,296,70,110,18,78,175,535,0,1
11,Al-Farouq Aminu,aminual01,SF,25,POR,82,82,2341,299,719,0.416,126,349,0.361,173,370,0.468,0.503,115,156,0.737,98,401,499,138,72,53,120,171,839,0,1
12,Lou Amundson,amundlo01,PF,33,NYK,29,0,204,19,53,0.358,0,0,0,19,53,0.358,0.358,14,27,0.519,23,26,49,12,6,7,15,44,52,0,1
13,Chris Andersen,anderch01,C,37,TOT,27,15,402,38,72,0.528,4,14,0.286,34,58,0.586,0.556,25,36,0.694,36,62,98,12,15,13,9,29,105,1,1
16,Alan Anderson,anderal01,SG,33,WAS,13,0,192,21,59,0.356,12,37,0.324,9,22,0.409,0.458,11,15,0.733,1,26,27,14,4,1,2,25,65,0,1
17,James Anderson,anderja01,SG,26,SAC,51,15,721,67,178,0.376,23,86,0.267,44,92,0.478,0.441,22,29,0.759,13,73,86,41,21,14,42,54,179,0,1
18,Justin Anderson,anderju01,SF,22,DAL,55,9,647,71,175,0.406,22,83,0.265,49,92,0.533,0.469,44,55,0.8,18,114,132,29,19,25,24,45,208,0,1
19,Kyle Anderson,anderky01,SF,22,SAS,78,11,1245,138,295,0.468,12,37,0.324,126,258,0.488,0.488,62,83,0.747,25,219,244,123,60,29,59,97,350,0,1
20,Ryan Anderson,anderry01,PF,27,NOP,66,7,2008,397,929,0.427,131,358,0.366,266,571,0.466,0.498,199,228,0.873,131,265,396,73,38,25,90,109,1124,0,1
21,Giannis Antetokounmpo,antetgi01,PG,21,MIL,80,79,2823,513,1013,0.506,28,109,0.257,485,904,0.537,0.52,296,409,0.724,113,499,612,345,94,113,208,258,1350,0,1
22,Thanasis Antetokounmpo,antetth01,SF,23,NYK,2,0,6,3,4,0.75,0,1,0,3,3,1,0.75,0,0,0,0,1,1,0,0,0,0,2,6,0,1
23,Carmelo Anthony,anthoca01,SF,31,NYK,72,72,2530,567,1307,0.434,105,310,0.339,462,997,0.463,0.474,334,403,0.829,98,458,556,299,62,38,176,180,1573,0,1
24,Joel Anthony,anthojo01,C,33,DET,19,0,96,6,10,0.6,0,0,0,6,10,0.6,0.6,6,8,0.75,8,13,21,1,2,12,2,15,18,0,1
25,Keith Appling,applike01,PG,23,ORL,5,0,27,2,8,0.25,0,3,0,2,5,0.4,0.25,2,2,1,0,1,1,1,1,0,3,5,6,0,1
26,Trevor Ariza,arizatr01,SF,30,HOU,81,81,2859,357,859,0.416,185,499,0.371,172,360,0.478,0.523,126,161,0.783,67,299,366,188,160,26,113,177,1025,0,1
27,Darrell Arthur,arthuda01,PF,27,DEN,70,16,1516,221,489,0.452,45,117,0.385,176,372,0.473,0.498,40,53,0.755,86,207,293,96,53,48,66,185,527,0,1
28,omer Asik,asikom01,C,29,NOP,68,64,1178,104,195,0.533,0,0,0,104,195,0.533,0.533,61,112,0.545,120,294,414,26,21,23,60,124,269,0,1
29,D.J. Augustin,augusdj01,PG,28,TOT,62,0,1178,148,350,0.423,68,168,0.405,80,182,0.44,0.52,103,128,0.805,8,87,95,198,38,4,84,85,467,1,1
32,Jeff Ayres,pendeje02,C,28,LAC,17,0,107,12,23,0.522,0,1,0,12,22,0.545,0.522,6,6,1,4,18,22,5,0,3,6,18,30,0,1
33,Luke Babbitt,babbilu01,SF,26,NOP,47,13,845,122,289,0.422,44,109,0.404,78,180,0.433,0.498,39,50,0.78,25,123,148,53,11,7,23,90,327,0,1
34,Cameron Bairstow,bairsca01,C,25,CHI,18,2,103,13,40,0.325,1,5,0.2,12,35,0.343,0.338,7,8,0.875,4,24,28,6,2,3,4,19,34,0,1
35,Leandro Barbosa,barbole01,SG,33,GSW,68,0,1079,171,370,0.462,39,110,0.355,132,260,0.508,0.515,52,62,0.839,28,89,117,82,44,10,53,107,433,0,1
36,J.J. Barea,bareajo01,PG,31,DAL,74,16,1667,317,711,0.446,100,260,0.385,217,451,0.481,0.516,74,96,0.771,26,126,152,302,26,2,113,110,808,0,1
37,Andrea Bargnani,bargnan01,C,30,BRK,46,0,634,127,279,0.455,3,16,0.188,124,263,0.471,0.461,47,57,0.825,28,69,97,18,4,9,26,61,304,0,1
38,Harrison Barnes,barneha02,SF,23,GSW,66,59,2042,295,633,0.466,82,214,0.383,213,419,0.508,0.531,102,134,0.761,77,248,325,117,41,10,57,136,774,0,1
39,Matt Barnes,barnema02,SF,35,MEM,76,45,2190,264,693,0.381,119,370,0.322,145,323,0.449,0.467,111,138,0.804,84,336,420,163,78,57,121,234,758,0,1
40,Will Barton,bartowi01,SG,25,DEN,82,1,2353,425,983,0.432,112,325,0.345,313,658,0.476,0.489,216,268,0.806,59,417,476,203,71,39,139,147,1178,0,1
41,Brandon Bass,bassbr01,PF,30,LAL,66,0,1342,174,317,0.549,0,2,0,174,315,0.552,0.549,125,148,0.845,104,181,285,74,33,55,42,125,473,0,1
42,Nicolas Batum,batumni01,SF,27,CHO,70,70,2448,372,873,0.426,139,399,0.348,233,474,0.492,0.506,163,192,0.849,55,373,428,403,65,43,205,114,1046,0,1
43,Jerryd Bayless,bayleje01,SG,27,MIL,52,18,1505,185,437,0.423,101,231,0.437,84,206,0.408,0.539,70,90,0.778,21,120,141,163,47,11,73,111,541,0,1
44,Aron Baynes,baynear01,C,29,DET,81,1,1233,194,384,0.505,0,2,0,194,382,0.508,0.505,126,165,0.764,140,244,384,51,21,52,67,151,514,0,1
45,Kent Bazemore,bazemke01,SF,26,ATL,75,68,2083,320,725,0.441,109,305,0.357,211,420,0.502,0.517,123,151,0.815,28,351,379,171,98,38,138,176,872,0,1
46,Bradley Beal,bealbr01,SG,22,WAS,55,35,1708,359,799,0.449,105,271,0.387,254,528,0.481,0.515,135,176,0.767,41,147,188,162,54,11,112,117,958,0,1
47,Michael Beasley,beaslmi01,PF,27,HOU,20,0,363,107,205,0.522,3,9,0.333,104,196,0.531,0.529,38,49,0.776,29,69,98,16,11,9,24,39,255,0,1
48,Marco Belinelli,belinma01,SG,29,SAC,68,7,1672,245,635,0.386,91,297,0.306,154,338,0.456,0.457,115,138,0.833,10,107,117,127,37,2,80,91,696,0,1
49,Anthony Bennett,bennean01,PF,22,TOR,19,0,84,8,27,0.296,3,14,0.214,5,13,0.385,0.352,9,10,0.9,6,17,23,0,5,0,4,8,28,0,1
50,Patrick Beverley,beverpa01,PG,27,HOU,71,63,2041,258,594,0.434,124,310,0.4,134,284,0.472,0.539,60,88,0.682,73,177,250,239,94,26,91,234,700,0,1
51,Bismack Biyombo,biyombi01,C,23,TOR,82,22,1808,156,288,0.542,0,1,0,156,287,0.544,0.542,142,226,0.628,182,473,655,29,19,133,71,225,454,0,1
52,Nemanja Bjelica,bjeline01,PF,27,MIN,60,0,1075,110,235,0.468,48,125,0.384,62,110,0.564,0.57,40,55,0.727,49,161,210,83,26,21,47,154,308,0,1
53,Tarik Black,blackta01,C,24,LAL,39,0,496,57,104,0.548,0,0,0,57,104,0.548,0.548,19,45,0.422,44,113,157,16,14,18,22,78,133,0,1
54,DeJuan Blair,blairde01,C,26,WAS,29,0,218,28,68,0.412,0,1,0,28,67,0.418,0.412,5,13,0.385,20,37,57,11,8,2,15,53,61,0,1
55,Steve Blake,blakest01,PG,35,DET,58,2,986,93,240,0.388,52,151,0.344,41,89,0.461,0.496,16,20,0.8,9,80,89,200,24,5,81,70,254,0,1
56,Eric Bledsoe,bledser01,PG,26,PHO,31,31,1059,223,492,0.453,48,129,0.372,175,363,0.482,0.502,138,172,0.802,18,107,125,190,63,19,110,75,632,0,1
57,Bojan Bogdanovic,bogdabo02,SF,26,BRK,79,39,2115,324,749,0.433,129,338,0.382,195,411,0.474,0.519,110,132,0.833,36,219,255,99,29,5,115,119,887,0,1
58,Andrew Bogut,bogutan01,C,31,GSW,70,66,1451,175,279,0.627,1,1,1,174,278,0.626,0.629,24,50,0.48,121,371,492,162,33,114,83,221,375,0,1
59,Matt Bonner,bonnema01,C,35,SAS,30,2,206,29,57,0.509,15,34,0.441,14,23,0.609,0.64,3,4,0.75,3,24,27,9,6,1,3,16,76,0,1
60,Devin Booker,bookede01,SG,19,PHO,76,51,2108,367,867,0.423,99,289,0.343,268,578,0.464,0.48,215,256,0.84,27,160,187,200,44,20,160,225,1048,0,1
61,Trevor Booker,booketr01,PF,28,UTA,79,2,1632,190,388,0.49,12,41,0.293,178,347,0.513,0.505,71,106,0.67,166,286,452,84,59,41,81,169,463,0,1
62,Chris Bosh,boshch01,PF,31,MIA,53,53,1778,358,767,0.467,81,222,0.365,277,545,0.508,0.52,213,268,0.795,48,342,390,128,36,34,78,101,1010,0,1
63,Avery Bradley,bradlav01,SG,25,BOS,76,72,2536,456,1019,0.447,147,407,0.361,309,612,0.505,0.52,96,123,0.78,48,172,220,158,117,19,109,164,1155,0,1
64,Elton Brand,brandel01,C,36,PHI,17,1,225,31,72,0.431,0,1,0,31,71,0.437,0.431,8,9,0.889,9,54,63,18,9,8,11,32,70,0,1
65,Corey Brewer,breweco01,SF,29,HOU,82,12,1669,212,552,0.384,61,224,0.272,151,328,0.46,0.439,105,140,0.75,42,157,199,109,84,19,78,168,590,0,1
66,Aaron Brooks,brookaa01,PG,31,CHI,69,0,1108,188,469,0.401,66,185,0.357,122,284,0.43,0.471,49,64,0.766,21,80,101,180,30,10,82,132,491,0,1
67,Anthony Brown,brownan02,SF,23,LAL,29,11,599,39,126,0.31,20,70,0.286,19,56,0.339,0.389,17,20,0.85,9,61,70,19,14,5,15,34,115,0,1
68,Lorenzo Brown,brownlo01,PG,25,PHO,8,0,61,8,25,0.32,1,8,0.125,7,17,0.412,0.34,3,4,0.75,0,7,7,11,3,1,9,4,20,0,1
69,Markel Brown,brownma02,SG,24,BRK,62,6,982,127,322,0.394,38,121,0.314,89,201,0.443,0.453,71,94,0.755,23,99,122,91,38,15,54,94,363,0,1
70,Kobe Bryant,bryanko01,SF,37,LAL,66,66,1863,398,1113,0.358,133,467,0.285,265,646,0.41,0.417,232,281,0.826,41,206,247,184,62,13,129,115,1161,0,1
71,Chase Budinger,budinch01,SF,27,TOT,66,2,929,104,239,0.435,24,86,0.279,80,153,0.523,0.485,39,56,0.696,43,107,150,64,32,10,44,62,271,1,1
74,Reggie Bullock,bullore01,SF,24,DET,37,0,429,43,98,0.439,22,53,0.415,21,45,0.467,0.551,14,15,0.933,14,54,68,27,10,2,8,29,122,0,1
75,Trey Burke,burketr01,PG,23,UTA,64,0,1366,262,634,0.413,88,256,0.344,174,378,0.46,0.483,67,82,0.817,18,94,112,148,35,6,80,86,679,0,1
76,Alec Burks,burksal01,SG,24,UTA,31,3,797,137,334,0.41,32,79,0.405,105,255,0.412,0.458,106,141,0.752,16,93,109,63,18,4,51,71,412,0,1
77,Caron Butler,butleca01,SF,35,SAC,17,1,176,25,59,0.424,3,18,0.167,22,41,0.537,0.449,10,12,0.833,5,17,22,10,9,1,3,19,63,0,1
78,Jimmy Butler,butleji01,SG,26,CHI,67,67,2474,470,1035,0.454,64,205,0.312,406,830,0.489,0.485,395,475,0.832,79,279,358,321,110,43,132,124,1399,0,1
79,Rasual Butler,butlera01,SF,36,SAS,46,0,432,49,104,0.471,15,49,0.306,34,55,0.618,0.543,11,16,0.688,3,53,56,24,13,23,8,11,124,0,1
80,Bruno Caboclo,cabocbr01,SF,20,TOR,6,1,43,1,12,0.083,1,7,0.143,0,5,0,0.125,0,0,0,1,1,2,1,2,1,4,2,3,0,1
81,Jose Calderon,caldejo01,PG,34,NYK,72,72,2024,209,455,0.459,84,203,0.414,125,252,0.496,0.552,42,48,0.875,22,207,229,298,63,7,87,135,544,0,1
82,Kentavious Caldwell-Pope,caldwke01,SG,22,DET,76,76,2789,403,960,0.42,114,369,0.309,289,591,0.489,0.479,185,228,0.811,70,212,282,138,110,17,105,167,1105,0,1
83,Isaiah Canaan,canaais01,SG,24,PHI,77,39,1966,260,722,0.36,176,485,0.363,84,237,0.354,0.482,150,180,0.833,20,154,174,137,56,12,91,133,846,0,1
84,Clint Capela,capelca01,C,21,HOU,77,35,1471,231,397,0.582,0,1,0,231,396,0.583,0.582,80,211,0.379,194,300,494,47,59,92,60,190,542,0,1
85,DeMarre Carroll,carrode01,SF,29,TOR,26,22,786,105,270,0.389,46,118,0.39,59,152,0.388,0.474,30,50,0.6,31,91,122,27,44,6,28,63,286,0,1
86,Vince Carter,cartevi01,SG,39,MEM,60,3,1005,133,343,0.388,59,169,0.349,74,174,0.425,0.474,70,84,0.833,31,115,146,56,38,16,35,101,395,0,1
87,Michael Carter-Williams,cartemi01,PG,24,MIL,54,37,1649,251,555,0.452,15,55,0.273,236,500,0.472,0.466,106,162,0.654,48,228,276,281,80,41,153,162,623,0,1
88,Omri Casspi,casspom01,PF,27,SAC,69,21,1880,299,622,0.481,112,274,0.409,187,348,0.537,0.571,103,159,0.648,58,352,410,95,56,17,94,154,813,0,1
89,Willie Cauley-Stein,caulewi01,C,22,SAC,66,39,1412,191,339,0.563,0,2,0,191,337,0.567,0.563,81,125,0.648,134,218,352,37,48,66,46,146,463,0,1
90,Mario Chalmers,chalmma01,PG,29,TOT,61,7,1373,182,444,0.41,46,149,0.309,136,295,0.461,0.462,218,262,0.832,24,133,157,230,88,13,110,181,628,1,1
93,Tyson Chandler,chandty01,C,33,PHO,66,60,1618,183,314,0.583,0,1,0,183,313,0.585,0.583,106,171,0.62,175,401,576,64,36,44,93,145,472,0,1
94,Rakeem Christmas,chrisra01,PF,24,IND,1,0,6,2,2,1,0,0,0,2,2,1,1,0,0,0,1,0,1,0,0,0,0,1,4,0,1
95,Ian Clark,clarkia01,SG,24,GSW,66,1,578,89,202,0.441,30,84,0.357,59,118,0.5,0.515,28,34,0.824,13,55,68,64,17,13,43,58,236,0,1
96,Coty Clarke,clarkco01,SF,23,BOS,3,0,6,2,4,0.5,2,2,1,0,2,0,0.75,0,0,0,0,1,1,0,0,0,1,0,6,0,1
97,Jordan Clarkson,clarkjo01,SG,23,LAL,79,79,2552,475,1098,0.433,111,320,0.347,364,778,0.468,0.483,164,204,0.804,93,220,313,192,88,7,135,168,1225,0,1
98,Norris Cole,coleno01,PG,27,NOP,45,23,1198,196,484,0.405,33,102,0.324,163,382,0.427,0.439,52,65,0.8,10,141,151,167,37,5,75,102,477,0,1
99,Darren Collison,collida01,PG,28,SAC,74,15,2219,377,776,0.486,87,217,0.401,290,559,0.519,0.542,194,226,0.858,28,141,169,318,76,4,130,142,1035,0,1
100,Nick Collison,collini01,PF,35,OKC,59,4,699,50,109,0.459,0,2,0,50,107,0.467,0.459,23,33,0.697,68,103,171,52,15,16,50,107,123,0,1
101,Mike Conley,conlemi01,PG,28,MEM,56,56,1761,294,696,0.422,78,215,0.363,216,481,0.449,0.478,191,229,0.834,26,138,164,342,67,16,84,100,857,0,1
102,Pat Connaughton,connapa01,SG,23,POR,34,0,143,13,49,0.265,5,21,0.238,8,28,0.286,0.316,5,5,1,11,21,32,10,2,0,10,6,36,0,1
103,Chris Copeland,copelch01,PF,31,MIL,24,1,156,17,51,0.333,10,36,0.278,7,15,0.467,0.431,6,7,0.857,1,9,10,11,2,0,6,17,50,0,1
104,Bryce Cotton,cottobr01,PG,23,TOT,8,0,39,4,10,0.4,0,3,0,4,7,0.571,0.4,0,0,0,0,0,0,3,3,0,5,2,8,1,1
107,DeMarcus Cousins,couside01,C,25,SAC,65,65,2246,601,1332,0.451,70,210,0.333,531,1122,0.473,0.477,476,663,0.718,158,589,747,214,101,92,249,236,1748,0,1
108,Robert Covington,covinro01,SF,25,PHI,67,49,1903,274,712,0.385,170,482,0.353,104,230,0.452,0.504,140,177,0.791,65,354,419,97,105,40,143,232,858,0,1
109,Allen Crabbe,crabbal01,SG,23,POR,81,8,2105,311,678,0.459,112,285,0.393,199,393,0.506,0.541,98,113,0.867,27,189,216,99,63,16,64,192,832,0,1
110,Jamal Crawford,crawfja01,SG,35,LAC,79,5,2126,379,939,0.404,117,344,0.34,262,595,0.44,0.466,245,271,0.904,20,125,145,183,52,12,113,122,1120,0,1
111,Jae Crowder,crowdja01,SF,25,BOS,73,73,2308,360,813,0.443,122,363,0.336,238,450,0.529,0.518,196,239,0.82,70,303,373,135,126,35,83,198,1038,0,1
112,Dante Cunningham,cunnida01,SF,28,NOP,80,46,1971,186,412,0.451,55,174,0.316,131,238,0.55,0.518,57,82,0.695,57,179,236,77,42,33,41,173,484,0,1
113,Jared Cunningham,cunnija01,SG,24,TOT,44,3,410,36,105,0.343,12,39,0.308,24,66,0.364,0.4,36,55,0.655,3,35,38,20,14,2,21,41,120,1,1
116,Seth Curry,curryse01,PG,25,SAC,44,9,692,102,224,0.455,50,111,0.45,52,113,0.46,0.567,45,54,0.833,9,51,60,67,22,3,36,41,299,0,1
117,Stephen Curry,curryst01,PG,27,GSW,79,79,2700,805,1598,0.504,402,886,0.454,403,712,0.566,0.63,363,400,0.908,68,362,430,527,169,15,262,161,2375,0,1
118,Troy Daniels,danietr01,SG,24,CHO,43,0,476,89,187,0.476,59,122,0.484,30,65,0.462,0.634,5,9,0.556,7,50,57,21,11,3,24,40,242,0,1
119,Anthony Davis,davisan02,C,22,NOP,61,61,2164,560,1136,0.493,35,108,0.324,525,1028,0.511,0.508,326,430,0.758,130,497,627,116,78,125,121,148,1481,0,1
120,Ed Davis,davised01,PF,26,POR,81,0,1684,206,337,0.611,0,0,0,206,337,0.611,0.611,114,204,0.559,224,375,599,88,57,72,64,202,526,0,1
121,Branden Dawson,dawsobr01,PF,22,LAC,6,0,29,2,5,0.4,0,0,0,2,5,0.4,0.4,1,1,1,2,2,4,0,0,1,0,2,5,0,1
122,Dewayne Dedmon,dedmode01,C,26,ORL,58,20,705,99,177,0.559,0,0,0,99,177,0.559,0.559,57,76,0.75,67,161,228,13,22,46,32,109,255,0,1
123,Bryce Dejean-Jones,dejeabr01,SG,23,NOP,14,11,279,28,69,0.406,12,32,0.375,16,37,0.432,0.493,11,21,0.524,8,40,48,15,10,2,11,17,79,0,1
124,Sam Dekker,dekkesa01,PF,21,HOU,3,0,6,0,0,0,0,0,0,0,0,0,0,0,0,0,0,1,1,0,1,0,0,0,0,0,1
125,Matthew Dellavedova,dellama01,PG,25,CLE,76,14,1867,207,511,0.405,98,239,0.41,109,272,0.401,0.501,57,66,0.864,33,129,162,337,44,9,116,178,569,0,1
126,Luol Deng,denglu01,PF,30,MIA,74,73,2394,339,745,0.455,88,256,0.344,251,489,0.513,0.514,145,192,0.755,108,335,443,140,74,29,81,122,911,0,1
127,DeMar DeRozan,derozde01,SG,26,TOR,78,78,2804,614,1377,0.446,47,139,0.338,567,1238,0.458,0.463,555,653,0.85,64,285,349,315,81,21,175,167,1830,0,1
128,Boris Diaw,diawbo01,PF,33,SAS,76,4,1386,202,383,0.527,25,69,0.362,177,314,0.564,0.56,56,76,0.737,58,175,233,176,26,21,97,102,485,0,1
129,Gorgui Dieng,dienggo01,C,26,MIN,82,39,2220,308,579,0.532,6,20,0.3,302,559,0.54,0.537,205,248,0.827,157,428,585,143,94,96,140,219,827,0,1
130,Spencer Dinwiddie,dinwisp01,PG,22,DET,12,0,159,19,54,0.352,1,10,0.1,18,44,0.409,0.361,19,33,0.576,4,13,17,22,3,0,7,20,58,0,1
131,Toney Douglas,douglto01,PG,29,NOP,61,18,1262,183,445,0.411,81,203,0.399,102,242,0.421,0.502,84,99,0.848,25,118,143,157,70,5,64,131,531,0,1
132,Goran Dragic,dragigo01,PG,29,MIA,72,72,2363,417,875,0.477,64,205,0.312,353,670,0.527,0.513,120,165,0.727,54,223,277,419,71,17,185,188,1018,0,1
133,Andre Drummond,drumman01,C,22,DET,81,81,2666,552,1060,0.521,2,6,0.333,550,1054,0.522,0.522,208,586,0.355,395,803,1198,67,119,112,155,245,1314,0,1
134,Jared Dudley,dudleja01,PF,30,WAS,81,41,2098,233,487,0.478,100,238,0.42,133,249,0.534,0.581,72,98,0.735,54,232,286,170,75,18,80,190,638,0,1
135,Duje Dukan,dukandu01,SF,24,SAC,1,0,24,2,10,0.2,2,5,0.4,0,5,0,0.3,0,0,0,2,2,4,1,1,0,0,2,6,0,1
136,Tim Duncan,duncati01,C,39,SAS,61,60,1536,215,441,0.488,0,2,0,215,439,0.49,0.488,92,131,0.702,115,332,447,163,47,78,90,125,522,0,1
137,Mike Dunleavy,dunlemi02,SF,35,CHI,31,30,703,77,188,0.41,39,99,0.394,38,89,0.427,0.513,29,37,0.784,8,75,83,39,14,10,26,66,222,0,1
138,Kevin Durant,duranke01,SF,27,OKC,72,72,2578,698,1381,0.505,186,481,0.387,512,900,0.569,0.573,447,498,0.898,45,544,589,361,69,85,250,137,2029,0,1
139,Cleanthony Early,earlycl01,SF,24,NYK,17,2,154,12,40,0.3,4,15,0.267,8,25,0.32,0.35,3,4,0.75,4,22,26,6,2,3,9,16,31,0,1
140,Jarell Eddie,eddieja01,SF,24,WAS,26,0,147,20,65,0.308,15,47,0.319,5,18,0.278,0.423,8,8,1,2,21,23,5,5,1,1,5,63,0,1
141,Wayne Ellington,ellinwa01,SG,28,BRK,76,41,1615,218,561,0.389,96,268,0.358,122,293,0.416,0.474,54,63,0.857,20,154,174,83,48,5,45,82,586,0,1
142,Monta Ellis,ellismo01,SG,30,IND,81,81,2734,436,1021,0.427,87,282,0.309,349,739,0.472,0.47,162,206,0.786,42,229,271,383,150,37,203,174,1121,0,1
143,James Ennis III,ennisja01,SF,25,TOT,22,5,329,54,113,0.478,26,58,0.448,28,55,0.509,0.593,25,34,0.735,21,21,42,21,16,5,19,28,159,1,1
147,Tyler Ennis,ennisty01,PG,21,MIL,46,7,654,84,187,0.449,13,39,0.333,71,148,0.48,0.484,25,34,0.735,13,62,75,95,25,1,46,64,206,0,1
148,Jeremy Evans,evansje01,SF,28,DAL,30,2,251,26,48,0.542,4,16,0.25,22,32,0.688,0.583,15,21,0.714,11,43,54,2,6,9,7,19,71,0,1
149,Tyreke Evans,evansty01,SG,26,NOP,25,25,765,136,314,0.433,33,85,0.388,103,229,0.45,0.486,74,93,0.796,20,109,129,164,32,8,73,66,379,0,1
150,Festus Ezeli,ezelife01,C,26,GSW,46,13,770,125,228,0.548,0,0,0,125,228,0.548,0.548,70,132,0.53,91,166,257,32,18,50,38,94,320,0,1
151,Kenneth Faried,farieke01,PF,26,DEN,67,64,1694,349,626,0.558,1,2,0.5,348,624,0.558,0.558,136,222,0.613,235,346,581,79,32,60,91,169,835,0,1
152,Jordan Farmar,farmajo01,PG,29,MEM,12,10,291,42,100,0.42,16,45,0.356,26,55,0.473,0.5,10,10,1,4,21,25,37,15,2,18,22,110,0,1
153,Derrick Favors,favorde01,PF,24,UTA,62,59,1983,418,811,0.515,0,4,0,418,807,0.518,0.515,180,254,0.709,169,334,503,94,74,91,104,150,1016,0,1
154,Cristiano Felicio,feliccr01,C,23,CHI,31,4,321,40,72,0.556,0,4,0,40,68,0.588,0.556,25,35,0.714,30,72,102,26,6,13,13,31,105,0,1
155,Raymond Felton,feltora01,PG,31,DAL,80,31,2192,277,682,0.406,60,213,0.282,217,469,0.463,0.45,149,176,0.847,36,222,258,284,68,15,121,141,763,0,1
156,Evan Fournier,fournev01,SF,23,ORL,79,71,2566,429,929,0.462,156,390,0.4,273,539,0.506,0.546,199,238,0.836,33,192,225,213,96,2,133,214,1213,0,1
157,Randy Foye,foyera01,SG,32,TOT,81,8,1642,169,482,0.351,75,250,0.3,94,232,0.405,0.428,61,74,0.824,24,132,156,161,39,29,86,131,474,1,1
160,Tim Frazier,fraziti01,PG,25,TOT,51,2,741,96,229,0.419,16,48,0.333,80,181,0.442,0.454,53,74,0.716,26,84,110,162,33,2,65,73,261,1,1
163,Jimmer Fredette,fredeji01,SG,26,TOT,6,0,18,2,5,0.4,1,2,0.5,1,3,0.333,0.5,4,5,0.8,0,0,0,1,1,0,2,2,9,1,1
166,Enes Kanter,kanteen01,C,23,OKC,82,1,1721,414,719,0.576,10,21,0.476,404,698,0.579,0.583,200,251,0.797,249,415,664,33,26,33,115,166,1038,0,1
167,Channing Frye,fryech01,PF-C,32,TOT,70,32,1200,152,347,0.438,91,235,0.387,61,112,0.545,0.569,30,35,0.857,35,199,234,71,29,28,43,127,425,1,1
170,Danilo Gallinari,gallida01,SF,27,DEN,53,53,1839,287,700,0.41,87,239,0.364,200,461,0.434,0.472,375,432,0.868,52,229,281,135,42,19,77,87,1036,0,1
171,Langston Galloway,gallola01,PG,24,NYK,82,7,2033,231,588,0.393,77,224,0.344,154,364,0.423,0.458,86,114,0.754,43,245,288,207,77,22,61,177,625,0,1
172,Kevin Garnett,garneke01,PF,39,MIN,38,38,556,54,115,0.47,0,1,0,54,114,0.474,0.47,14,21,0.667,15,135,150,62,28,10,16,70,122,0,1
173,Marc Gasol,gasolma01,C,31,MEM,52,52,1791,328,707,0.464,2,3,0.667,326,704,0.463,0.465,203,245,0.829,58,304,362,196,50,70,118,141,861,0,1
174,Pau Gasol,gasolpa01,C,35,CHI,72,72,2291,467,995,0.469,24,69,0.348,443,926,0.478,0.481,229,289,0.792,155,638,793,294,42,146,164,148,1187,0,1
175,Rudy Gay,gayru01,SF,29,SAC,70,70,2379,466,1007,0.463,74,215,0.344,392,792,0.495,0.5,198,254,0.78,103,353,456,120,100,51,139,184,1204,0,1
176,Alonzo Gee,geeal01,SF,28,NOP,73,38,1632,132,255,0.518,17,60,0.283,115,195,0.59,0.551,44,66,0.667,60,185,245,72,63,13,55,169,325,0,1
177,Paul George,georgpa01,SF,25,IND,81,81,2819,605,1449,0.418,210,566,0.371,395,883,0.447,0.49,454,528,0.86,79,484,563,329,152,29,265,230,1874,0,1
178,Taj Gibson,gibsota01,PF,30,CHI,73,55,1936,263,500,0.526,0,3,0,263,497,0.529,0.526,101,146,0.692,206,298,504,106,47,77,78,180,627,0,1
179,Manu Ginobili,ginobma01,SG,38,SAS,58,0,1134,197,435,0.453,70,179,0.391,127,256,0.496,0.533,91,112,0.813,26,120,146,177,66,11,99,99,555,0,1
180,Rudy Gobert,goberru01,C,23,UTA,61,60,1932,198,354,0.559,0,0,0,198,354,0.559,0.559,161,283,0.569,208,460,668,91,45,135,114,163,557,0,1
181,Drew Gooden,goodedr01,PF,34,WAS,30,0,305,33,103,0.32,7,41,0.171,26,62,0.419,0.354,9,14,0.643,28,57,85,13,8,11,13,40,82,0,1
182,Archie Goodwin,goodwar01,PG,21,PHO,57,13,1114,176,422,0.417,23,99,0.232,153,323,0.474,0.444,130,193,0.674,27,115,142,118,27,13,100,84,505,0,1
183,Aaron Gordon,gordoaa01,PF,20,ORL,78,37,1863,274,579,0.473,42,142,0.296,232,437,0.531,0.509,129,193,0.668,154,353,507,128,59,55,66,153,719,0,1
184,Eric Gordon,gordoer01,SG,27,NOP,45,44,1481,231,552,0.418,113,294,0.384,118,258,0.457,0.521,111,125,0.888,10,89,99,121,43,14,73,98,686,0,1
185,Marcin Gortat,gortama01,C,31,WAS,75,74,2256,433,764,0.567,0,1,0,433,763,0.567,0.567,146,207,0.705,222,519,741,106,47,96,121,193,1012,0,1
186,Andrew Goudelock,goudean01,PG,27,HOU,8,0,50,9,20,0.45,1,9,0.111,8,11,0.727,0.475,3,4,0.75,1,1,2,4,6,2,7,4,22,0,1
187,Jerami Grant,grantje01,PF,21,PHI,77,52,2066,251,599,0.419,35,146,0.24,216,453,0.477,0.448,212,322,0.658,99,262,361,135,54,127,110,215,749,0,1
188,Jerian Grant,grantje02,PG,23,NYK,76,6,1265,154,391,0.394,22,100,0.22,132,291,0.454,0.422,96,123,0.78,23,120,143,177,50,10,87,97,426,0,1
189,Danny Green,greenda02,SG,28,SAS,79,79,2062,211,561,0.376,116,349,0.332,95,212,0.448,0.48,34,46,0.739,48,255,303,141,79,64,75,141,572,0,1
190,Draymond Green,greendr01,PF,25,GSW,81,81,2808,401,819,0.49,100,258,0.388,301,561,0.537,0.551,229,329,0.696,134,635,769,598,119,113,259,240,1131,0,1
191,Erick Green,greener01,PG,24,TOT,9,0,42,5,13,0.385,1,5,0.2,4,8,0.5,0.423,2,2,1,3,3,6,3,1,0,0,4,13,1,1
194,Gerald Green,greenge01,SG,30,MIA,69,14,1557,230,587,0.392,84,260,0.323,146,327,0.446,0.463,72,92,0.783,25,138,163,56,38,19,46,123,616,0,1
195,JaMychal Green,greenja01,PF,25,MEM,78,15,1446,230,495,0.465,15,45,0.333,215,450,0.478,0.48,103,137,0.752,139,234,373,67,46,33,83,189,578,0,1
196,Jeff Green,greenje02,SF,29,TOT,80,41,2253,354,824,0.43,67,213,0.315,287,611,0.47,0.47,164,220,0.745,74,258,332,138,58,40,93,164,939,1,1
199,Blake Griffin,griffbl01,PF,26,LAC,35,35,1170,301,603,0.499,6,18,0.333,295,585,0.504,0.504,141,194,0.727,51,243,294,170,28,17,83,95,749,0,1
200,Jorge Gutierrez,gutiejo01,PG,27,CHO,12,0,63,6,11,0.545,0,2,0,6,9,0.667,0.545,10,11,0.909,0,7,7,17,3,0,6,3,22,0,1
201,PJ Hairston,hairspj02,SF,23,TOT,66,52,1313,145,408,0.355,70,241,0.29,75,167,0.449,0.441,50,64,0.781,25,149,174,38,32,11,41,137,410,1,1
204,Jordan Hamilton,hamiljo02,SF,25,NOP,11,4,304,49,116,0.422,13,45,0.289,36,71,0.507,0.478,14,21,0.667,12,50,62,25,8,3,17,24,125,0,1
205,Tyler Hansbrough,hansbty01,PF,30,CHO,44,0,343,32,71,0.451,2,3,0.667,30,68,0.441,0.465,38,65,0.585,40,49,89,8,12,7,12,55,104,0,1
206,Tim Hardaway Jr.,hardati02,SG,23,ATL,51,1,864,114,265,0.43,48,142,0.338,66,123,0.537,0.521,50,56,0.893,7,79,86,51,21,7,23,48,326,0,1
207,James Harden,hardeja01,SG,26,HOU,82,82,3125,710,1617,0.439,236,657,0.359,474,960,0.494,0.512,720,837,0.86,63,438,501,612,139,51,374,229,2376,0,1
208,Maurice Harkless,harklma01,SF,22,POR,78,14,1457,195,411,0.474,39,140,0.279,156,271,0.576,0.522,69,111,0.622,101,179,280,67,49,35,62,124,498,0,1
209,Justin Harper,harpeju01,PF,26,DET,5,0,35,4,10,0.4,4,9,0.444,0,1,0,0.6,1,2,0.5,0,1,1,0,1,0,2,3,13,0,1
210,Montrezl Harrell,harremo01,PF,22,HOU,39,1,379,58,90,0.644,0,1,0,58,89,0.652,0.644,24,46,0.522,25,40,65,17,11,11,17,48,140,0,1
211,Devin Harris,harride01,PG,32,DAL,64,0,1280,167,374,0.447,52,158,0.329,115,216,0.532,0.516,101,140,0.721,18,120,138,118,60,13,66,124,487,0,1
212,Gary Harris,harriga01,SG,21,DEN,76,76,2439,359,765,0.469,105,297,0.354,254,468,0.543,0.538,109,133,0.82,54,166,220,147,97,18,98,143,932,0,1
213,Joe Harris,harrijo01,SG,24,CLE,5,0,15,1,4,0.25,1,4,0.25,0,0,0,0.375,0,0,0,0,3,3,2,0,0,1,1,3,0,1
214,Tobias Harris,harrito02,PF,23,TOT,76,74,2513,417,889,0.469,80,239,0.335,337,650,0.518,0.514,202,243,0.831,96,414,510,169,65,40,108,153,1116,1,1
217,Aaron Harrison,harriaa01,SG,21,CHO,21,0,93,5,19,0.263,3,10,0.3,2,9,0.222,0.342,5,12,0.417,4,11,15,2,6,0,4,10,18,0,1
218,Udonis Haslem,hasleud01,PF,35,MIA,37,0,260,23,61,0.377,1,9,0.111,22,52,0.423,0.385,12,16,0.75,10,65,75,14,5,2,5,25,59,0,1
219,Spencer Hawes,hawessp01,PF,27,CHO,57,6,1035,124,306,0.405,38,102,0.373,86,204,0.422,0.467,54,65,0.831,51,193,244,109,22,27,58,111,340,0,1
220,Chuck Hayes,hayesch01,C,32,HOU,2,0,24,1,2,0.5,0,0,0,1,2,0.5,0.5,2,2,1,0,8,8,2,0,0,3,6,4,0,1
221,Gordon Hayward,haywago01,SF,25,UTA,80,80,2893,521,1202,0.433,143,410,0.349,378,792,0.477,0.493,393,477,0.824,61,336,397,296,95,27,202,183,1578,0,1
222,Gerald Henderson,hendege02,SG,28,POR,72,0,1431,232,529,0.439,48,136,0.353,184,393,0.468,0.484,112,146,0.767,30,181,211,75,39,19,68,87,624,0,1
223,John Henson,hensojo01,C,25,MIL,57,1,960,164,291,0.564,0,1,0,164,290,0.566,0.564,69,117,0.59,87,134,221,54,18,109,64,131,397,0,1
224,Mario Hezonja,hezonma01,SF,20,ORL,79,9,1413,181,418,0.433,67,192,0.349,114,226,0.504,0.513,49,54,0.907,28,148,176,109,39,17,97,124,478,0,1
225,Roy Hibbert,hibbero01,C,29,LAL,81,81,1878,182,411,0.443,0,2,0,182,409,0.445,0.443,117,145,0.807,132,266,398,95,32,110,76,252,481,0,1
226,JJ Hickson,hicksjj01,C,27,TOT,35,9,436,80,155,0.516,0,1,0,80,154,0.519,0.516,46,103,0.447,39,93,132,23,15,14,25,47,206,1,1
229,Nene,hilarne01,PF,33,WAS,57,11,1094,209,384,0.544,0,3,0,209,381,0.549,0.544,107,185,0.578,52,207,259,97,54,26,76,156,525,0,1
230,George Hill,hillge01,PG,29,IND,74,73,2524,326,739,0.441,128,314,0.408,198,425,0.466,0.528,114,150,0.76,58,240,298,259,83,17,101,149,894,0,1
231,Jordan Hill,hilljo01,C,28,IND,73,11,1513,278,549,0.506,0,1,0,278,548,0.507,0.506,89,125,0.712,156,295,451,87,36,37,92,155,645,0,1
232,Solomon Hill,hillso01,SF,24,IND,59,3,866,93,208,0.447,24,74,0.324,69,134,0.515,0.505,36,42,0.857,39,127,166,57,37,11,33,68,246,0,1
233,Darrun Hilliard,hillida01,SG,22,DET,38,2,383,52,131,0.397,19,50,0.38,33,81,0.407,0.469,29,40,0.725,5,40,45,27,9,1,19,28,152,0,1
234,Kirk Hinrich,hinriki01,PG,35,TOT,46,7,631,49,129,0.38,24,62,0.387,25,67,0.373,0.473,15,16,0.938,8,62,70,73,15,2,30,64,137,1,1
237,Jrue Holiday,holidjr01,PG,25,NOP,65,23,1831,410,935,0.439,87,259,0.336,323,676,0.478,0.485,182,216,0.843,27,168,195,391,88,22,167,148,1089,0,1
238,Justin Holiday,holidju01,SG,26,TOT,53,5,773,88,228,0.386,36,105,0.343,52,123,0.423,0.465,27,37,0.73,12,78,90,56,32,19,39,61,239,1,1
241,Ryan Hollins,holliry01,C,31,TOT,37,12,460,49,79,0.62,0,0,0,49,79,0.62,0.62,26,42,0.619,47,51,98,10,6,21,24,62,124,1,1
244,Rondae Hollis-Jefferson,holliro01,SF,21,BRK,29,17,615,63,138,0.457,4,14,0.286,59,124,0.476,0.471,37,52,0.712,39,115,154,43,39,16,26,61,167,0,1
245,Richaun Holmes,holmeri01,PF,22,PHI,51,1,702,114,222,0.514,8,44,0.182,106,178,0.596,0.532,51,74,0.689,62,73,135,33,19,40,32,92,287,0,1
246,Rodney Hood,hoodro01,SG,23,UTA,79,79,2541,408,972,0.42,161,449,0.359,247,523,0.472,0.503,172,200,0.86,38,229,267,213,73,16,125,202,1149,0,1
247,Al Horford,horfoal01,C,29,ATL,82,82,2631,529,1048,0.505,88,256,0.344,441,792,0.557,0.547,103,129,0.798,148,448,596,263,68,121,107,163,1249,0,1
248,Dwight Howard,howardw01,C,30,HOU,71,71,2280,372,600,0.62,0,6,0,372,594,0.626,0.62,232,474,0.489,238,597,835,98,69,113,166,219,976,0,1
249,Marcelo Huertas,huertma01,PG,32,LAL,53,0,869,97,230,0.422,16,61,0.262,81,169,0.479,0.457,27,29,0.931,18,72,90,182,26,7,80,76,237,0,1
250,Josh Huestis,huestjo01,PF,24,OKC,5,0,55,5,12,0.417,4,6,0.667,1,6,0.167,0.583,0,4,0,2,8,10,0,1,2,3,3,14,0,1
251,Kris Humphries,humphkr01,PF,30,TOT,53,17,835,121,295,0.41,34,108,0.315,87,187,0.465,0.468,67,84,0.798,57,161,218,36,16,23,38,94,343,1,1
255,RJ Hunter,hunterj01,SG,22,BOS,36,0,315,36,98,0.367,19,63,0.302,17,35,0.486,0.464,6,7,0.857,2,35,37,13,14,4,11,29,97,0,1
256,Serge Ibaka,ibakase01,PF,26,OKC,78,78,2500,416,869,0.479,60,184,0.326,356,685,0.52,0.513,91,121,0.752,141,392,533,66,38,148,108,211,983,0,1
257,Andre Iguodala,iguodan01,SF,32,GSW,65,1,1732,176,368,0.478,54,154,0.351,122,214,0.57,0.552,51,83,0.614,52,211,263,219,73,19,79,102,457,0,1
258,Ersan ilyasova,ilyaser01,PF,28,TOT,74,56,1881,280,661,0.424,96,259,0.371,184,402,0.458,0.496,111,154,0.721,144,259,403,67,52,33,71,171,767,1,1
261,Joe Ingles,inglejo01,SF,28,UTA,81,2,1241,124,291,0.426,81,210,0.386,43,81,0.531,0.565,13,18,0.722,19,132,151,96,55,4,65,98,342,0,1
262,Damien Inglis,inglida01,SF,20,MIL,20,1,156,13,37,0.351,3,13,0.231,10,24,0.417,0.392,7,8,0.875,2,29,31,10,6,3,11,11,36,0,1
263,Kyrie Irving,irvinky01,PG,23,CLE,53,53,1667,394,879,0.448,84,262,0.321,310,617,0.502,0.496,169,191,0.885,44,113,157,249,56,18,124,107,1041,0,1
264,Jarrett Jack,jackja01,PG,32,BRK,32,32,1027,140,358,0.391,31,102,0.304,109,256,0.426,0.434,100,112,0.893,9,127,136,236,34,7,94,77,411,0,1
265,Reggie Jackson,jacksre01,PG,25,DET,79,79,2424,540,1244,0.434,118,334,0.353,422,910,0.464,0.482,291,337,0.864,58,195,253,492,59,11,223,187,1489,0,1
266,LeBron James,jamesle01,SF,31,CLE,76,76,2709,737,1416,0.52,87,282,0.309,650,1134,0.573,0.551,359,491,0.731,111,454,565,514,104,49,249,143,1920,0,1
267,Al Jefferson,jeffeal01,C,31,CHO,47,18,1096,245,505,0.485,0,0,0,245,505,0.485,0.485,72,111,0.649,57,244,301,70,30,41,34,117,562,0,1
268,Cory Jefferson,jeffeco01,PF,25,PHO,8,0,50,9,22,0.409,0,1,0,9,21,0.429,0.409,4,6,0.667,6,10,16,0,0,1,0,8,22,0,1
269,Richard Jefferson,jefferi01,SF,35,CLE,74,5,1326,143,312,0.458,66,173,0.382,77,139,0.554,0.564,58,87,0.667,15,113,128,59,33,14,43,129,410,0,1
270,John Jenkins,jenkijo01,SG,24,TOT,43,3,480,71,160,0.444,16,51,0.314,55,109,0.505,0.494,20,24,0.833,8,49,57,35,8,1,27,22,178,1,1
273,Brandon Jennings,jennibr01,PG,26,TOT,48,7,868,112,304,0.368,51,155,0.329,61,149,0.409,0.452,57,78,0.731,16,80,96,170,29,7,57,57,332,1,1
276,Jonas Jerebko,jerebjo01,PF,28,BOS,78,0,1176,118,286,0.413,43,108,0.398,75,178,0.421,0.488,61,78,0.782,77,211,288,62,20,24,52,137,340,0,1
277,Amir Johnson,johnsam01,PF,28,BOS,79,76,1800,249,426,0.585,10,43,0.233,239,383,0.624,0.596,69,121,0.57,178,327,505,138,52,83,94,214,577,0,1
278,Chris Johnson,johnsch04,SF,25,UTA,70,2,857,72,194,0.371,27,99,0.273,45,95,0.474,0.441,34,42,0.81,27,105,132,45,32,20,40,100,205,0,1
279,James Johnson,johnsja01,PF,28,TOR,57,32,926,114,240,0.475,20,66,0.303,94,174,0.54,0.517,39,68,0.574,28,98,126,67,29,33,54,84,287,0,1
280,Joe Johnson,johnsjo02,SF,34,TOT,81,81,2703,377,859,0.439,120,313,0.383,257,546,0.471,0.509,118,142,0.831,49,243,292,318,61,4,159,146,992,1,1
283,Orlando Johnson,johnsor01,SG,26,TOT,7,1,101,9,34,0.265,2,10,0.2,7,24,0.292,0.294,6,8,0.75,4,11,15,2,3,3,4,9,26,1,1
286,Stanley Johnson,johnsst04,SF,19,DET,73,6,1687,225,600,0.375,63,205,0.307,162,395,0.41,0.428,80,102,0.784,58,248,306,118,55,12,114,178,593,0,1
287,Tyler Johnson,johnsty01,SG,23,MIA,36,5,863,118,243,0.486,27,71,0.38,91,172,0.529,0.541,51,64,0.797,28,81,109,79,24,14,47,66,314,0,1
288,Wesley Johnson,johnswe01,SF,28,LAC,80,9,1666,208,515,0.404,103,309,0.333,105,206,0.51,0.504,30,46,0.652,37,211,248,49,89,56,54,173,549,0,1
289,Nikola Jokic,jokicni01,C,20,DEN,80,55,1733,307,600,0.512,28,84,0.333,279,516,0.541,0.535,154,190,0.811,181,379,560,189,79,50,104,208,796,0,1
290,Dahntay Jones,jonesda02,SF,35,CLE,1,0,42,6,14,0.429,1,2,0.5,5,12,0.417,0.464,0,0,0,1,4,5,2,1,2,0,6,13,0,1
291,James Jones,jonesja02,SF,35,CLE,48,0,463,58,142,0.408,41,104,0.394,17,38,0.447,0.553,21,26,0.808,8,42,50,14,11,10,13,50,178,0,1
292,Terrence Jones,joneste01,PF,24,HOU,50,11,1044,166,367,0.452,25,79,0.316,141,288,0.49,0.486,77,116,0.664,62,149,211,41,23,39,49,86,434,0,1
293,Tyus Jones,jonesty01,PG,19,MIN,37,0,573,56,156,0.359,16,53,0.302,40,103,0.388,0.41,28,39,0.718,7,40,47,108,31,3,33,33,156,0,1
294,DeAndre Jordan,jordade01,C,27,LAC,77,77,2598,357,508,0.703,0,1,0,357,507,0.704,0.703,266,619,0.43,267,792,1059,90,51,177,107,207,980,0,1
295,Cory Joseph,josepco01,SG,24,TOR,80,4,2046,257,585,0.439,30,110,0.273,227,475,0.478,0.465,133,174,0.764,39,171,210,250,63,20,102,131,677,0,1
296,Chris Kaman,kamanch01,C,33,POR,16,2,112,20,43,0.465,1,4,0.25,19,39,0.487,0.477,3,3,1,7,17,24,11,1,1,8,15,44,0,1
297,Frank Kaminsky,kaminfr01,C,22,CHO,81,3,1708,215,525,0.41,68,202,0.337,147,323,0.455,0.474,108,148,0.73,69,266,335,98,38,43,58,126,606,0,1
298,Sergey Karasev,karasse01,SF,22,BRK,40,5,399,30,74,0.405,11,37,0.297,19,37,0.514,0.48,26,28,0.929,8,50,58,35,6,2,22,27,97,0,1
299,Sasha Kaun,kaunsa01,C,30,CLE,25,0,95,9,17,0.529,0,0,0,9,17,0.529,0.529,5,11,0.455,12,14,26,3,4,5,7,11,23,0,1
300,Ryan Kelly,kellyry01,PF,24,LAL,36,0,470,55,149,0.369,5,37,0.135,50,112,0.446,0.386,37,54,0.685,21,100,121,20,13,10,18,39,152,0,1
301,Michael Kidd-Gilchrist,kiddgmi01,SF,22,CHO,7,7,205,33,61,0.541,3,7,0.429,30,54,0.556,0.566,20,29,0.69,12,33,45,9,3,3,8,9,89,0,1
302,Sean Kilpatrick,kilpase01,SG,26,TOT,31,0,616,123,270,0.456,39,114,0.342,84,156,0.538,0.528,60,67,0.896,12,44,56,29,12,2,31,37,345,1,1
305,Brandon Knight,knighbr03,SG,24,PHO,52,50,1870,371,895,0.415,120,351,0.342,251,544,0.461,0.482,156,183,0.852,36,166,202,263,61,20,177,124,1018,0,1
306,Kyle Korver,korveky01,SG,34,ATL,80,80,2401,268,616,0.435,158,397,0.398,110,219,0.502,0.563,45,54,0.833,14,246,260,164,60,35,98,161,739,0,1
307,Kosta Koufos,koufoko01,C,26,SAC,78,14,1482,236,444,0.532,0,0,0,236,444,0.532,0.532,57,104,0.548,169,254,423,33,40,70,48,185,529,0,1
308,Jeremy Lamb,lambje01,SG,23,CHO,66,0,1227,230,510,0.451,56,181,0.309,174,329,0.529,0.506,64,88,0.727,44,208,252,77,42,30,50,105,580,0,1
309,Carl Landry,landrca01,PF,32,PHI,36,12,569,139,250,0.556,6,13,0.462,133,237,0.561,0.568,67,91,0.736,49,97,146,32,12,9,22,69,351,0,1
310,Shane Larkin,larkish01,PG,23,BRK,78,17,1751,222,502,0.442,39,108,0.361,183,394,0.464,0.481,83,107,0.776,28,152,180,342,95,12,146,121,566,0,1
311,Joffrey Lauvergne,lauvejo01,C,24,DEN,59,15,1041,195,380,0.513,13,53,0.245,182,327,0.557,0.53,62,69,0.899,77,213,290,56,13,15,54,115,465,0,1
312,Zach LaVine,lavinza01,SG,20,MIN,82,33,2294,433,959,0.452,123,316,0.389,310,643,0.482,0.516,161,203,0.793,27,201,228,251,69,17,155,193,1150,0,1
313,Ty Lawson,lawsoty01,PG,28,TOT,66,13,1411,139,354,0.393,36,108,0.333,103,246,0.419,0.444,59,86,0.686,26,94,120,237,53,7,95,87,373,1,1
316,Courtney Lee,leeco01,SG,30,TOT,79,65,2334,290,639,0.454,82,217,0.378,208,422,0.493,0.518,99,118,0.839,29,176,205,136,85,28,72,134,761,1,1
319,David Lee,leeda02,PF,32,TOT,55,5,903,178,335,0.531,0,1,0,178,334,0.533,0.531,71,93,0.763,101,204,305,84,22,28,66,114,427,1,1
322,Alex Len,lenal01,C,22,PHO,78,46,1821,264,624,0.423,1,7,0.143,263,617,0.426,0.424,174,239,0.728,178,416,594,97,38,62,145,230,703,0,1
323,Kawhi Leonard,leonaka01,SF,24,SAS,72,72,2380,551,1090,0.506,129,291,0.443,422,799,0.528,0.565,292,334,0.874,95,398,493,186,128,71,105,133,1523,0,1
324,Meyers Leonard,leoname01,PF,23,POR,61,10,1333,195,435,0.448,86,228,0.377,109,207,0.527,0.547,35,46,0.761,51,263,314,92,8,18,77,183,511,0,1
325,Jon Leuer,leuerjo01,PF,26,PHO,67,27,1255,224,466,0.481,42,110,0.382,182,356,0.511,0.526,77,101,0.762,76,297,373,72,38,30,75,125,567,0,1
326,Damian Lillard,lillada01,PG,25,POR,75,75,2676,618,1474,0.419,229,610,0.375,389,864,0.45,0.497,414,464,0.892,45,257,302,512,65,28,242,165,1879,0,1
327,Jeremy Lin,linje01,SG,27,CHO,78,13,2048,300,728,0.412,76,226,0.336,224,502,0.446,0.464,238,292,0.815,42,211,253,235,58,42,150,165,914,0,1
328,Shaun Livingston,livinsh01,PG,30,GSW,78,3,1520,203,379,0.536,2,12,0.167,201,367,0.548,0.538,80,93,0.86,42,127,169,237,57,27,78,140,488,0,1
329,Kevon Looney,looneke01,PF,19,GSW,5,0,21,4,7,0.571,1,2,0.5,3,5,0.6,0.643,0,0,0,4,6,10,0,0,0,1,2,9,0,1
330,Brook Lopez,lopezbr01,C,27,BRK,73,73,2457,591,1157,0.511,2,14,0.143,589,1143,0.515,0.512,317,403,0.787,204,369,573,147,58,124,175,215,1501,0,1
331,Robin Lopez,lopezro01,C,27,NYK,82,82,2219,357,662,0.539,0,1,0,357,661,0.54,0.539,128,161,0.795,268,334,602,114,16,129,133,182,842,0,1
332,Kevin Love,loveke01,PF,27,CLE,77,77,2424,409,977,0.419,158,439,0.36,251,538,0.467,0.499,258,314,0.822,149,613,762,186,58,41,142,159,1234,0,1
333,Kyle Lowry,lowryky01,PG,29,TOR,77,77,2851,512,1198,0.427,212,547,0.388,300,651,0.461,0.516,398,491,0.811,55,310,365,494,158,34,225,211,1634,0,1
334,Trey Lyles,lylestr01,PF,20,UTA,80,33,1382,191,436,0.438,49,128,0.383,142,308,0.461,0.494,57,82,0.695,59,240,299,59,26,18,65,114,488,0,1
335,Shelvin Mack,macksh01,PG,25,TOT,52,27,1058,182,415,0.439,39,125,0.312,143,290,0.493,0.486,45,61,0.738,13,115,128,187,34,3,95,72,448,1,1
338,Ian Mahinmi,mahinia01,C,29,IND,71,71,1816,264,448,0.589,0,0,0,264,448,0.589,0.589,132,225,0.587,138,369,507,104,65,75,100,220,660,0,1
339,Devyn Marble,marblde01,SG,23,ORL,28,0,249,21,71,0.296,8,32,0.25,13,39,0.333,0.352,10,24,0.417,6,32,38,12,13,1,7,25,60,0,1
340,Boban Marjanovic,marjabo01,C,27,SAS,54,4,508,105,174,0.603,0,0,0,105,174,0.603,0.603,87,114,0.763,73,121,194,21,12,23,29,54,297,0,1
341,Kendall Marshall,marshke01,PG,24,PHI,30,6,400,43,118,0.364,16,49,0.327,27,69,0.391,0.432,9,13,0.692,2,26,28,73,16,2,43,30,111,0,1
342,Jarell Martin,martija01,PF,21,MEM,27,0,380,54,116,0.466,0,2,0,54,114,0.474,0.466,45,62,0.726,39,47,86,15,8,7,19,58,153,0,1
343,Kevin Martin,martike02,SG,32,TOT,55,13,1095,156,419,0.372,49,136,0.36,107,283,0.378,0.431,153,172,0.89,14,96,110,58,26,3,54,83,514,1,1
346,Wesley Matthews,matthwe02,SF,29,DAL,78,78,2644,331,854,0.388,189,525,0.36,142,329,0.432,0.498,126,146,0.863,27,211,238,151,78,17,78,179,977,0,1
347,O.J. Mayo,mayooj01,SG,28,MIL,41,24,1090,119,321,0.371,52,162,0.321,67,159,0.421,0.452,31,40,0.775,13,92,105,118,48,8,72,126,321,0,1
348,Luc Mbah a Moute,mbahalu01,PF,29,LAC,75,61,1274,94,207,0.454,13,40,0.325,81,167,0.485,0.486,30,57,0.526,60,111,171,30,44,19,34,100,231,0,1
349,James Michael McAdoo,mcadoja01,PF,23,GSW,41,1,262,45,84,0.536,1,2,0.5,44,82,0.537,0.542,26,49,0.531,30,28,58,17,10,8,16,39,117,0,1
350,Ray McCallum,mccalra01,PG,24,TOT,41,6,475,55,146,0.377,15,42,0.357,40,104,0.385,0.428,12,15,0.8,8,39,47,60,12,7,24,29,137,1,1
353,CJ McCollum,mccolcj01,SG,24,POR,80,80,2780,641,1431,0.448,197,472,0.417,444,959,0.463,0.517,187,226,0.827,47,212,259,341,97,23,196,187,1666,0,1
354,T.J. McConnell,mccontj01,PG,23,PHI,81,17,1606,218,464,0.47,31,89,0.348,187,375,0.499,0.503,26,41,0.634,43,207,250,367,95,10,140,114,493,0,1
355,Chris McCullough,mcculch01,PF,20,BRK,24,4,362,44,109,0.404,13,34,0.382,31,75,0.413,0.463,11,23,0.478,25,43,68,9,28,12,15,39,112,0,1
356,KJ McDaniels,mcdankj01,SF,22,HOU,37,1,235,29,72,0.403,7,25,0.28,22,47,0.468,0.451,24,30,0.8,16,26,42,10,7,6,17,30,89,0,1
357,Doug McDermott,mcderdo01,SF,24,CHI,81,4,1861,291,644,0.452,110,259,0.425,181,385,0.47,0.537,72,84,0.857,37,158,195,59,14,6,53,127,764,0,1
358,Mitch McGary,mcgarmi01,PF,23,OKC,20,0,72,11,23,0.478,0,4,0,11,19,0.579,0.478,4,10,0.4,4,14,18,3,1,2,7,10,26,0,1
359,JaVale McGee,mcgeeja01,C,28,DAL,34,2,370,77,134,0.575,0,1,0,77,133,0.579,0.575,18,36,0.5,53,80,133,3,5,26,21,49,172,0,1
360,Ben McLemore,mclembe01,SG,22,SAC,68,53,1443,195,455,0.429,67,185,0.362,128,270,0.474,0.502,74,103,0.718,34,114,148,79,52,10,99,140,531,0,1
361,Jordan McRae,mcraejo01,PG,24,TOT,22,1,195,34,78,0.436,10,22,0.455,24,56,0.429,0.5,21,28,0.75,4,16,20,25,3,1,15,17,99,1,1
364,Josh McRoberts,mcrobjo01,PF,28,MIA,42,1,595,55,148,0.372,12,49,0.245,43,99,0.434,0.412,28,40,0.7,22,83,105,81,18,7,30,68,150,0,1
365,Jodie Meeks,meeksjo01,SG,28,DET,3,0,43,7,20,0.35,4,9,0.444,3,11,0.273,0.45,4,4,1,1,4,5,3,0,0,1,2,22,0,1
366,Salah Mejri,mejrisa01,C,29,DAL,34,6,397,49,78,0.628,0,1,0,49,77,0.636,0.628,27,46,0.587,41,82,123,10,8,36,23,54,125,0,1
367,Jordan Mickey,mickejo01,PF,21,BOS,16,0,57,8,22,0.364,0,0,0,8,22,0.364,0.364,5,10,0.5,6,7,13,1,0,11,1,5,21,0,1
368,Khris Middleton,middlkh01,SG,24,MIL,79,79,2852,507,1142,0.444,143,361,0.396,364,781,0.466,0.507,277,312,0.888,44,258,302,331,131,19,180,204,1434,0,1
369,CJ Miles,milescj01,SF,28,IND,64,24,1464,259,634,0.409,142,387,0.367,117,247,0.474,0.521,93,124,0.75,25,150,175,63,53,29,70,142,753,0,1
370,Andre Miller,millean02,PG,39,TOT,39,4,461,59,106,0.557,2,8,0.25,57,98,0.582,0.566,24,32,0.75,12,39,51,87,16,0,37,46,144,1,1
373,Mike Miller,millemi01,SF,35,DEN,47,2,373,22,62,0.355,19,52,0.365,3,10,0.3,0.508,0,0,0,6,47,53,40,13,4,17,53,63,0,1
374,Patty Mills,millspa02,PG,27,SAS,81,3,1662,260,612,0.425,123,320,0.384,137,292,0.469,0.525,47,58,0.81,27,131,158,226,59,6,76,102,690,0,1
375,Elijah Millsap,millsel01,SG,28,UTA,20,0,173,11,39,0.282,1,12,0.083,10,27,0.37,0.295,13,18,0.722,6,29,35,19,7,3,9,33,36,0,1
376,Paul Millsap,millspa01,PF,30,ATL,81,81,2647,501,1066,0.47,74,232,0.319,427,834,0.512,0.505,309,408,0.757,198,534,732,265,147,139,191,237,1385,0,1
377,Nikola Mirotic,mirotni01,PF,24,CHI,66,38,1646,248,609,0.407,135,346,0.39,113,263,0.43,0.518,146,181,0.807,58,304,362,100,58,46,102,151,777,0,1
378,Nazr Mohammed,mohamna01,C,38,OKC,5,0,19,3,5,0.6,0,0,0,3,5,0.6,0.6,2,2,1,1,3,4,0,0,0,3,4,8,0,1
379,Greg Monroe,monrogr01,C,25,MIL,79,67,2314,491,941,0.522,0,1,0,491,940,0.522,0.522,228,308,0.74,218,478,696,178,72,67,129,163,1210,0,1
380,Luis Montero,montelu01,SG,22,POR,12,0,42,5,19,0.263,1,9,0.111,4,10,0.4,0.289,3,4,0.75,0,4,4,1,0,0,4,1,14,0,1
381,E'Twaun Moore,mooreet01,SG,26,CHI,59,22,1263,187,389,0.481,47,104,0.452,140,285,0.491,0.541,22,35,0.629,19,114,133,99,37,18,53,103,443,0,1
382,Eric Moreland,moreler01,PF,24,SAC,8,0,48,3,6,0.5,0,0,0,3,6,0.5,0.5,2,4,0.5,3,8,11,1,0,4,3,4,8,0,1
383,Marcus Morris Sr.,morrima03,SF,26,DET,80,80,2856,410,945,0.434,108,298,0.362,302,647,0.467,0.491,203,271,0.749,91,313,404,201,67,23,140,170,1131,0,1
384,Markieff Morris,morrima02,PF,26,TOT,64,45,1629,305,718,0.425,47,155,0.303,258,563,0.458,0.458,108,147,0.735,73,279,352,124,58,34,135,184,765,1,1
387,Anthony Morrow,morroan01,SG,30,OKC,68,6,926,136,333,0.408,79,204,0.387,57,129,0.442,0.527,29,39,0.744,10,52,62,24,22,5,17,64,380,0,1
388,Donatas Motiejunas,motiedo01,PF,25,HOU,37,22,547,90,205,0.439,16,57,0.281,74,148,0.5,0.478,34,53,0.642,37,72,109,41,17,5,44,69,230,0,1
389,Timofey Mozgov,mozgoti01,C,29,CLE,76,48,1326,203,359,0.565,1,7,0.143,202,352,0.574,0.567,68,95,0.716,110,227,337,33,22,57,71,159,475,0,1
390,Emmanuel Mudiay,mudiaem01,PG,19,DEN,68,66,2068,329,905,0.364,74,232,0.319,255,673,0.379,0.404,140,209,0.67,32,200,232,372,65,35,217,141,872,0,1
391,Shabazz Muhammad,muhamsh01,SF,23,MIN,82,0,1682,317,681,0.465,44,152,0.289,273,529,0.516,0.498,185,242,0.764,100,167,267,52,24,7,70,94,863,0,1
392,Xavier Munford,munfoxa02,SG,23,MEM,14,0,244,32,77,0.416,9,23,0.391,23,54,0.426,0.474,7,14,0.5,3,28,31,22,13,3,15,25,80,0,1
393,Mike Muscala,muscami01,C,24,ATL,60,0,565,76,152,0.5,12,39,0.308,64,113,0.566,0.539,31,39,0.795,38,79,117,34,13,27,27,72,195,0,1
394,Larry Nance Jr.,nancela02,PF,23,LAL,63,22,1266,158,300,0.527,1,10,0.1,157,290,0.541,0.528,32,47,0.681,101,211,312,44,54,23,41,124,349,0,1
395,Shabazz Napier,napiesh01,PG,24,ORL,55,0,600,68,201,0.338,34,104,0.327,34,97,0.351,0.423,33,45,0.733,9,46,55,97,23,1,46,38,203,0,1
396,Gary Neal,nealga01,SG,31,WAS,40,2,807,151,325,0.465,41,100,0.41,110,225,0.489,0.528,47,55,0.855,11,72,83,47,20,1,29,55,390,0,1
397,Jameer Nelson,nelsoja01,PG,33,DEN,39,15,1036,113,307,0.368,43,144,0.299,70,163,0.429,0.438,30,35,0.857,19,96,115,190,25,5,66,100,299,0,1
398,Raul Neto,netora01,PG,23,UTA,81,53,1499,180,418,0.431,64,162,0.395,116,256,0.453,0.507,52,70,0.743,17,103,120,174,62,2,109,122,476,0,1
399,Andrew Nicholson,nichoan01,PF,26,ORL,56,0,823,146,310,0.471,41,114,0.36,105,196,0.536,0.537,51,65,0.785,34,167,201,25,10,22,41,69,384,0,1
400,Joakim Noah,noahjo01,C,30,CHI,29,2,635,51,133,0.383,0,1,0,51,132,0.386,0.383,22,45,0.489,87,168,255,110,18,29,52,77,124,0,1
401,Nerlens Noel,noelne01,C,21,PHI,67,62,1965,306,587,0.521,1,2,0.5,305,585,0.521,0.522,134,227,0.59,154,388,542,122,118,100,158,192,747,0,1
402,Lucas Nogueira,noguelu01,C,23,TOR,29,1,225,28,44,0.636,1,3,0.333,27,41,0.659,0.648,8,15,0.533,18,28,46,7,12,12,11,29,65,0,1
403,Steve Novak,novakst01,PF,32,TOT,10,0,44,8,18,0.444,7,15,0.467,1,3,0.333,0.639,1,1,1,0,5,5,0,0,0,1,3,24,1,1
406,Dirk Nowitzki,nowitdi01,PF,37,DAL,75,75,2364,498,1112,0.448,126,342,0.368,372,770,0.483,0.504,250,280,0.893,52,437,489,132,52,52,84,161,1372,0,1
407,Jusuf Nurkic,nurkiju01,C,21,DEN,32,3,547,101,242,0.417,0,3,0,101,239,0.423,0.417,61,99,0.616,65,110,175,40,24,44,55,91,263,0,1
408,J.J. O'Brien,obriejj01,SF,23,UTA,2,0,6,0,1,0,0,0,0,0,1,0,0,0,0,0,0,1,1,0,1,0,0,1,0,0,1
409,Johnny O'Bryant III,obryajo01,PF,22,MIL,66,4,857,86,209,0.411,1,1,1,85,208,0.409,0.414,27,40,0.675,65,111,176,32,18,8,31,100,200,0,1
410,Kyle O'Quinn,oquinky01,PF,25,NYK,65,1,764,129,271,0.476,5,22,0.227,124,249,0.498,0.485,46,60,0.767,76,174,250,72,20,49,61,107,309,0,1
411,Jahlil Okafor,okafoja01,C,20,PHI,53,48,1591,397,781,0.508,1,6,0.167,396,775,0.511,0.509,133,194,0.686,122,251,373,65,22,61,124,140,928,0,1
412,Victor Oladipo,oladivi01,SG,23,ORL,72,52,2379,425,970,0.438,98,282,0.348,327,688,0.475,0.489,205,247,0.83,48,297,345,282,116,54,153,174,1153,0,1
413,Kelly Olynyk,olynyke01,C,24,BOS,69,8,1395,253,556,0.455,85,210,0.405,168,346,0.486,0.531,96,128,0.75,72,209,281,105,52,33,74,163,687,0,1
414,Kelly Oubre Jr.,oubreke01,SF,20,WAS,63,9,671,90,211,0.427,25,79,0.316,65,132,0.492,0.486,31,49,0.633,25,108,133,13,22,7,34,100,236,0,1
415,Zaza Pachulia,pachuza01,C,31,DAL,76,69,2004,219,470,0.466,0,3,0,219,467,0.469,0.466,212,276,0.768,249,469,718,128,64,22,119,181,650,0,1
416,Kostas Papanikolaou,papanko01,SF,25,DEN,26,6,294,24,66,0.364,10,32,0.313,14,34,0.412,0.439,9,14,0.643,8,32,40,16,13,5,21,24,67,0,1
417,Jabari Parker,parkeja01,PF,20,MIL,76,72,2408,443,899,0.493,9,35,0.257,434,864,0.502,0.498,175,228,0.768,123,272,395,130,69,29,116,154,1070,0,1
418,Tony Parker,parketo01,PG,33,SAS,72,72,1980,350,710,0.493,27,65,0.415,323,645,0.501,0.512,130,171,0.76,17,159,176,379,54,11,131,114,857,0,1
419,Chandler Parsons,parsoch01,SF,27,DAL,61,51,1799,320,651,0.492,104,251,0.414,216,400,0.54,0.571,93,136,0.684,29,256,285,169,46,21,95,114,837,0,1
420,Lamar Patterson,pattela01,SG,24,ATL,35,0,395,28,80,0.35,12,49,0.245,16,31,0.516,0.425,16,22,0.727,4,46,50,39,9,2,23,45,84,0,1
421,Patrick Patterson,pattepa01,PF,26,TOR,79,0,2020,204,493,0.414,106,293,0.362,98,200,0.49,0.521,29,34,0.853,77,265,342,94,53,32,65,128,543,0,1
422,Chris Paul,paulch01,PG,30,LAC,74,74,2420,515,1114,0.462,122,329,0.371,393,785,0.501,0.517,294,328,0.896,39,271,310,738,152,13,194,185,1446,0,1
423,Adreian Payne,paynead01,PF,24,MIN,52,2,486,53,145,0.366,9,32,0.281,44,113,0.389,0.397,17,26,0.654,20,91,111,29,16,11,36,77,132,0,1
424,Cameron Payne,payneca01,PG,21,OKC,57,1,698,114,278,0.41,36,111,0.324,78,167,0.467,0.475,19,24,0.792,9,76,85,108,36,6,44,80,283,0,1
425,Elfrid Payton,paytoel01,PG,21,ORL,73,69,2145,318,730,0.436,30,92,0.326,288,638,0.451,0.456,112,190,0.589,77,184,261,468,89,20,177,159,778,0,1
426,Nikola Pekovic,pekovni01,C,30,MIN,12,3,156,19,50,0.38,0,0,0,19,50,0.38,0.38,16,20,0.8,7,14,21,11,1,0,9,22,54,0,1
427,Kendrick Perkins,perkike01,C,31,NOP,37,5,542,40,75,0.533,0,0,0,40,75,0.533,0.533,11,25,0.44,25,103,128,31,11,11,41,64,91,0,1
428,Paul Pierce,piercpa01,SF,38,LAC,68,38,1231,144,397,0.363,75,242,0.31,69,155,0.445,0.457,54,66,0.818,12,174,186,71,33,17,58,129,417,0,1
429,Tibor Pleiss,pleisti01,C,26,UTA,12,0,82,11,25,0.44,0,2,0,11,23,0.478,0.44,2,2,1,6,9,15,2,1,2,8,19,24,0,1
430,Mason Plumlee,plumlma01,C,25,POR,82,82,2084,267,517,0.516,0,4,0,267,513,0.52,0.516,215,335,0.642,201,427,628,226,68,85,154,253,749,0,1
431,Miles Plumlee,plumlmi01,C,27,MIL,61,14,870,140,233,0.601,0,0,0,140,233,0.601,0.601,34,59,0.576,94,138,232,16,21,50,40,73,314,0,1
432,Otto Porter Jr.,porteot01,SF,22,WAS,75,73,2276,339,717,0.473,98,267,0.367,241,450,0.536,0.541,95,126,0.754,97,294,391,120,105,32,70,163,871,0,1
433,Bobby Portis,portibo01,PF,20,CHI,62,4,1102,186,436,0.427,16,52,0.308,170,384,0.443,0.445,48,66,0.727,123,214,337,52,25,22,54,100,436,0,1
434,Kristaps Porzingis,porzikr01,PF,20,NYK,72,72,2047,373,886,0.421,81,243,0.333,292,643,0.454,0.467,201,240,0.838,132,394,526,94,53,134,121,205,1028,0,1
435,Dwight Powell,poweldw01,PF,24,DAL,69,2,992,146,296,0.493,2,16,0.125,144,280,0.514,0.497,105,142,0.739,84,189,273,44,36,24,40,118,399,0,1
436,Norman Powell,powelno01,SG,22,TOR,49,24,725,97,229,0.424,36,89,0.404,61,140,0.436,0.502,43,53,0.811,16,95,111,47,29,10,32,59,273,0,1
437,Phil Pressey,pressph01,PG,24,TOT,23,0,283,30,78,0.385,4,18,0.222,26,60,0.433,0.41,13,25,0.52,3,28,31,75,18,4,33,28,77,1,1
440,Ronnie Price,pricero01,PG,32,PHO,62,18,1211,116,302,0.384,68,196,0.347,48,106,0.453,0.497,31,41,0.756,25,74,99,147,74,13,70,161,331,0,1
441,Pablo Prigioni,prigipa01,PG,38,LAC,59,3,823,55,147,0.374,28,95,0.295,27,52,0.519,0.469,7,8,0.875,38,76,114,130,53,1,49,82,145,0,1
442,Tayshaun Prince,princta01,SF,35,MIN,77,44,1462,102,229,0.445,4,23,0.174,98,206,0.476,0.454,13,19,0.684,32,115,147,73,36,13,27,62,221,0,1
443,Julius Randle,randlju01,PF,21,LAL,81,60,2286,358,835,0.429,10,36,0.278,348,799,0.436,0.435,193,270,0.715,172,657,829,144,53,29,149,242,919,0,1
444,Zach Randolph,randoza01,PF,34,MEM,68,53,2016,431,907,0.475,6,26,0.231,425,881,0.482,0.479,172,216,0.796,179,350,529,142,43,13,105,146,1040,0,1
445,JJ Redick,redicjj01,SG,31,LAC,75,75,2097,422,880,0.48,200,421,0.475,222,459,0.484,0.593,182,205,0.888,10,129,139,106,42,5,78,135,1226,0,1
446,Willie Reed,reedwi02,C,25,BRK,39,2,426,76,133,0.571,0,0,0,76,133,0.571,0.571,30,55,0.545,49,73,122,10,6,30,16,47,182,0,1
447,Josh Richardson,richajo01,SG,22,MIA,52,2,1107,123,272,0.452,53,115,0.461,70,157,0.446,0.55,42,63,0.667,21,86,107,73,36,25,35,107,341,0,1
448,Austin Rivers,riverau01,SG,23,LAC,67,7,1464,226,516,0.438,62,185,0.335,164,331,0.495,0.498,79,116,0.681,22,108,130,99,48,9,61,137,593,0,1
449,Andre Roberson,roberan03,SG,24,OKC,70,70,1553,136,274,0.496,32,103,0.311,104,171,0.608,0.555,33,54,0.611,79,172,251,47,53,42,35,133,337,0,1
450,Brian Roberts,roberbr01,PG,30,TOT,51,0,470,74,165,0.448,15,42,0.357,59,123,0.48,0.494,42,47,0.894,6,35,41,54,10,2,23,35,205,1,1
453,Glenn Robinson III,robingl02,SF,22,IND,45,4,508,65,151,0.43,14,37,0.378,51,114,0.447,0.477,27,39,0.692,12,56,68,26,17,9,18,21,171,0,1
454,Nate Robinson,robinna01,PG,31,NOP,2,1,23,0,1,0,0,1,0,0,0,0,0,0,0,0,0,0,0,4,1,0,0,5,0,0,1
455,Thomas Robinson,robinth01,PF,24,BRK,71,7,917,130,291,0.447,0,1,0,130,290,0.448,0.447,47,109,0.431,136,223,359,46,39,36,69,111,307,0,1
456,Rajon Rondo,rondora01,PG,29,SAC,72,72,2537,355,782,0.454,62,170,0.365,293,612,0.479,0.494,87,150,0.58,77,358,435,839,141,10,278,175,859,0,1
457,Derrick Rose,rosede01,PG,27,CHI,66,66,2097,447,1048,0.427,44,150,0.293,403,898,0.449,0.448,142,179,0.793,46,179,225,311,44,14,175,84,1080,0,1
458,Terrence Ross,rosste01,SF,24,TOR,73,7,1747,270,626,0.431,131,339,0.386,139,287,0.484,0.536,49,62,0.79,21,164,185,56,54,25,46,120,720,0,1
459,Terry Rozier,roziete01,PG,21,BOS,39,0,311,29,106,0.274,6,27,0.222,23,79,0.291,0.302,8,10,0.8,24,39,63,37,6,1,19,23,72,0,1
460,Ricky Rubio,rubiori01,PG,25,MIN,76,76,2323,219,586,0.374,62,190,0.326,157,396,0.396,0.427,266,314,0.847,40,286,326,658,162,10,193,201,766,0,1
461,Damjan Rudez,rudezda01,SF,29,MIN,33,0,277,25,62,0.403,17,50,0.34,8,12,0.667,0.54,8,8,1,5,15,20,11,3,1,13,33,75,0,1
462,Brandon Rush,rushbr01,SG,30,GSW,72,25,1055,111,260,0.427,65,157,0.414,46,103,0.447,0.552,18,28,0.643,21,160,181,57,20,23,33,57,305,0,1
463,D'Angelo Russell,russeda01,PG,19,LAL,80,48,2259,392,956,0.41,130,370,0.351,262,586,0.447,0.478,140,190,0.737,47,227,274,266,93,13,196,142,1054,0,1
464,Robert Sacre,sacrero01,C,26,LAL,25,1,320,31,75,0.413,0,0,0,31,75,0.413,0.413,25,38,0.658,32,40,72,14,4,10,12,43,87,0,1
465,JaKarr Sampson,sampsja02,SF,22,TOT,73,40,1160,140,317,0.442,14,63,0.222,126,254,0.496,0.464,80,122,0.656,46,144,190,46,23,33,70,142,374,1,1
468,Dennis Schroder,schrode01,PG,22,ATL,80,6,1621,329,781,0.421,77,239,0.322,252,542,0.465,0.471,144,182,0.791,25,179,204,349,70,9,183,138,879,0,1
469,Luis Scola,scolalu01,PF,35,TOR,76,76,1636,269,598,0.45,65,161,0.404,204,437,0.467,0.504,61,84,0.726,84,276,360,66,46,27,68,178,664,0,1
470,Mike Scott,scottmi01,PF,27,ATL,75,0,1146,176,376,0.468,62,158,0.392,114,218,0.523,0.551,50,63,0.794,53,153,206,78,25,17,42,102,464,0,1
471,Thabo Sefolosha,sefolth01,SF,31,ATL,75,11,1758,188,372,0.505,42,124,0.339,146,248,0.589,0.562,62,99,0.626,52,282,334,107,85,37,68,109,480,0,1
472,Kevin Seraphin,serapke01,C,26,NYK,48,0,526,84,205,0.41,0,2,0,84,203,0.414,0.41,19,23,0.826,31,95,126,47,8,36,43,67,187,0,1
473,Ramon Sessions,sessira01,PG,29,WAS,82,5,1667,280,592,0.473,36,111,0.324,244,481,0.507,0.503,214,283,0.756,25,178,203,239,46,5,115,102,810,0,1
474,Iman Shumpert,shumpim01,SG,25,CLE,54,5,1316,114,305,0.374,43,146,0.295,71,159,0.447,0.444,40,51,0.784,32,171,203,92,54,19,57,119,311,0,1
475,Jonathon Simmons,simmojo02,SG,26,SAS,55,2,813,122,242,0.504,18,47,0.383,104,195,0.533,0.541,69,92,0.75,16,80,96,58,24,5,53,103,331,0,1
476,Henry Sims,simshe01,C,25,BRK,14,4,263,33,77,0.429,0,0,0,33,77,0.429,0.429,25,30,0.833,21,51,72,9,9,14,12,37,91,0,1
477,Kyle Singler,singlky01,SF,27,OKC,68,2,977,86,221,0.389,30,97,0.309,56,124,0.452,0.457,29,44,0.659,50,91,141,24,30,9,32,120,231,0,1
478,Donald Sloan,sloando01,PG,28,BRK,61,33,1318,154,350,0.44,38,99,0.384,116,251,0.462,0.494,78,104,0.75,17,156,173,268,32,4,80,73,424,0,1
479,Marcus Smart,smartma01,PG,21,BOS,61,10,1667,184,529,0.348,61,241,0.253,123,288,0.427,0.405,129,166,0.777,76,179,255,185,91,18,80,183,558,0,1
480,Greg Smith,smithgr02,PF,25,MIN,18,0,192,18,32,0.563,0,0,0,18,32,0.563,0.563,7,17,0.412,12,30,42,6,4,1,7,28,43,0,1
481,Ish Smith,smithis01,PG,27,TOT,77,53,2239,397,967,0.411,56,170,0.329,341,797,0.428,0.44,122,176,0.693,43,262,305,502,88,24,175,133,972,1,1
484,JR Smith,smithjr01,SG,30,CLE,77,77,2362,353,850,0.415,204,510,0.4,149,340,0.438,0.535,45,71,0.634,43,174,217,130,81,21,59,204,955,0,1
485,Jason Smith,smithja02,C,29,ORL,76,2,1181,244,503,0.485,4,16,0.25,240,487,0.493,0.489,54,67,0.806,53,166,219,62,33,65,57,163,546,0,1
486,Josh Smith,smithjo03,PF,30,TOT,55,7,880,127,349,0.364,41,143,0.287,86,206,0.417,0.423,37,67,0.552,51,141,192,90,34,47,77,118,332,1,1
489,Russ Smith,smithru01,PG,24,MEM,15,0,66,7,22,0.318,1,5,0.2,6,17,0.353,0.341,8,13,0.615,1,8,9,11,5,1,7,5,23,0,1
490,Tony Snell,snellto01,SF,24,CHI,64,33,1301,126,339,0.372,56,155,0.361,70,184,0.38,0.454,30,33,0.909,19,180,199,63,16,17,52,100,338,0,1
491,Marreese Speights,speigma01,C,28,GSW,72,0,832,197,456,0.432,24,62,0.387,173,394,0.439,0.458,94,114,0.825,77,162,239,61,19,34,66,117,512,0,1
492,Tiago Splitter,splitti01,C,31,ATL,36,2,579,81,155,0.523,0,2,0,81,153,0.529,0.523,39,48,0.813,45,75,120,30,20,12,24,71,201,0,1
493,Nik Stauskas,stausni01,SG,22,PHI,73,35,1809,210,545,0.385,106,325,0.326,104,220,0.473,0.483,91,118,0.771,23,160,183,138,44,20,94,115,617,0,1
494,Lance Stephenson,stephla01,SF,25,TOT,69,13,1372,228,474,0.481,30,78,0.385,198,396,0.5,0.513,87,111,0.784,40,183,223,133,43,9,94,135,573,1,1
497,Alex Stepheson,stephal01,PF,28,TOT,8,0,73,9,27,0.333,0,0,0,9,27,0.333,0.333,4,12,0.333,19,9,28,2,1,5,0,12,22,1,1
500,Jarnell Stokes,stokeja01,C,22,TOT,7,0,18,3,5,0.6,0,0,0,3,5,0.6,0.6,1,2,0.5,1,3,4,1,1,0,0,1,7,1,1
503,Amar'e Stoudemire,stoudam01,C,33,MIA,52,36,762,125,221,0.566,0,0,0,125,221,0.566,0.566,50,67,0.746,65,157,222,27,18,41,47,92,300,0,1
504,Rodney Stuckey,stuckro01,PG,29,IND,58,1,1275,183,443,0.413,20,83,0.241,163,360,0.453,0.436,131,158,0.829,19,137,156,142,43,8,76,77,517,0,1
505,Jared Sullinger,sullija01,PF,23,BOS,81,73,1915,351,806,0.435,29,103,0.282,322,703,0.458,0.453,103,161,0.64,194,479,673,187,75,47,102,209,834,0,1
506,Edy Tavares,tavarwa01,C,23,ATL,11,0,73,11,19,0.579,0,0,0,11,19,0.579,0.579,3,8,0.375,7,14,21,3,1,6,5,8,25,0,1
507,Jeff Teague,teaguje01,PG,27,ATL,79,78,2255,434,988,0.439,110,275,0.4,324,713,0.454,0.495,261,312,0.837,33,181,214,470,97,24,218,167,1239,0,1
508,Mirza Teletovic,teletmi01,PF,30,PHO,79,1,1686,332,777,0.427,181,460,0.393,151,317,0.476,0.544,120,155,0.774,55,247,302,89,32,21,84,159,965,0,1
509,Garrett Temple,templga01,SF,29,WAS,80,43,1951,201,505,0.398,89,258,0.345,112,247,0.453,0.486,91,125,0.728,36,176,212,140,69,18,64,195,582,0,1
510,Jason Terry,terryja01,SG,38,HOU,72,7,1258,151,376,0.402,93,261,0.356,58,115,0.504,0.525,27,33,0.818,14,65,79,103,47,9,49,91,422,0,1
511,Isaiah Thomas,thomais02,PG,26,BOS,82,79,2644,591,1382,0.428,167,465,0.359,424,917,0.462,0.488,474,544,0.871,46,197,243,509,91,9,220,167,1823,0,1
512,Lance Thomas,thomala01,PF,27,NYK,59,5,1313,169,382,0.442,44,109,0.404,125,273,0.458,0.5,102,119,0.857,34,97,131,53,22,7,57,109,484,0,1
513,Hollis Thompson,thompho01,SG,24,PHI,77,17,2154,270,680,0.397,149,392,0.38,121,288,0.42,0.507,69,96,0.719,54,218,272,99,36,24,76,187,758,0,1
514,Jason Thompson,thompja02,C,29,TOT,47,7,471,52,108,0.481,5,15,0.333,47,93,0.505,0.505,38,54,0.704,32,102,134,29,12,20,15,80,147,1,1
517,Klay Thompson,thompkl01,SG,25,GSW,80,80,2666,651,1386,0.47,276,650,0.425,375,736,0.51,0.569,193,221,0.873,35,271,306,166,60,49,138,152,1771,0,1
518,Tristan Thompson,thomptr01,PF,24,CLE,82,34,2269,247,420,0.588,0,0,0,247,420,0.588,0.588,149,242,0.616,268,470,738,62,38,51,61,202,643,0,1
519,Marcus Thornton,thornma01,SG,28,TOT,61,8,1109,216,542,0.399,91,270,0.337,125,272,0.46,0.482,67,79,0.848,38,112,150,85,47,4,51,90,590,1,1
522,Anthony Tolliver,tollian01,PF,30,DET,72,5,1341,128,332,0.386,98,272,0.36,30,60,0.5,0.533,29,47,0.617,39,190,229,52,26,16,28,86,383,0,1
523,Axel Toupane,toupaax01,SF,23,DEN,21,0,305,25,70,0.357,13,40,0.325,12,30,0.4,0.45,13,17,0.765,8,23,31,15,7,6,6,40,76,0,1
524,Karl-Anthony Towns,townska01,C,20,MIN,82,82,2627,625,1153,0.542,30,88,0.341,595,1065,0.559,0.555,223,275,0.811,229,629,858,161,58,138,183,245,1503,0,1
525,P.J. Tucker,tuckepj01,SF,30,PHO,82,80,2540,239,582,0.411,68,206,0.33,171,376,0.455,0.469,106,142,0.746,165,347,512,177,106,20,111,202,652,0,1
526,Evan Turner,turneev01,SG,27,BOS,81,12,2271,343,753,0.456,20,83,0.241,323,670,0.482,0.469,148,179,0.827,50,347,397,359,80,28,169,139,854,0,1
527,Myles Turner,turnemy01,C,19,IND,60,30,1367,264,530,0.498,3,14,0.214,261,516,0.506,0.501,88,121,0.727,68,264,332,41,25,86,67,158,619,0,1
528,Beno Udrih,udrihbe01,PG,33,TOT,44,5,707,86,198,0.434,15,44,0.341,71,154,0.461,0.472,18,20,0.9,8,64,72,116,14,1,53,51,205,1,1
531,Jonas Valanciunas,valanjo01,C,23,TOR,60,59,1557,303,536,0.565,0,0,0,303,536,0.565,0.565,162,213,0.761,184,363,547,42,25,80,85,158,768,0,1
532,Anderson Varejao,varejan01,C,33,TOT,53,0,496,53,124,0.427,0,1,0,53,123,0.431,0.427,32,50,0.64,37,104,141,35,16,10,22,70,138,1,1
535,Greivis Vasquez,vasqugr01,PG,29,MIL,23,0,460,45,138,0.326,18,73,0.247,27,65,0.415,0.391,22,26,0.846,5,42,47,91,10,0,40,42,130,0,1
536,Rashad Vaughn,vaughra01,SG,19,MIL,70,6,1001,81,266,0.305,43,147,0.293,38,119,0.319,0.385,12,15,0.8,11,77,88,39,29,16,28,73,217,0,1
537,Charlie Villanueva,villach01,PF,31,DAL,62,4,665,125,327,0.382,47,172,0.273,78,155,0.503,0.454,22,24,0.917,24,128,152,24,18,15,31,71,319,0,1
538,Noah Vonleh,vonleno01,PF,20,POR,78,56,1174,117,278,0.421,11,46,0.239,106,232,0.457,0.441,38,51,0.745,91,214,305,30,27,26,50,152,283,0,1
539,Nikola Vucevic,vucevni01,C,25,ORL,65,60,2037,533,1046,0.51,2,9,0.222,531,1037,0.512,0.511,113,150,0.753,174,402,576,179,53,70,123,173,1181,0,1
540,Sasha Vujacic,vujacsa01,SG,31,NYK,61,25,908,106,277,0.383,52,143,0.364,54,134,0.403,0.477,32,39,0.821,26,123,149,84,34,5,44,83,296,0,1
541,Dwyane Wade,wadedw01,SG,34,MIA,74,73,2258,540,1183,0.456,7,44,0.159,533,1139,0.468,0.459,322,406,0.793,82,220,302,344,79,42,203,116,1409,0,1
542,Dion Waiters,waitedi01,SG,24,OKC,78,15,2152,282,706,0.399,86,240,0.358,196,466,0.421,0.46,112,157,0.713,36,166,202,154,81,15,120,143,762,0,1
543,Kemba Walker,walkeke02,PG,25,CHO,81,81,2885,568,1331,0.427,182,490,0.371,386,841,0.459,0.495,371,438,0.847,56,301,357,421,126,39,171,111,1689,0,1
544,John Wall,walljo01,PG,25,WAS,77,77,2784,572,1349,0.424,115,328,0.351,457,1021,0.448,0.467,272,344,0.791,42,337,379,789,145,59,318,159,1531,0,1
545,T.J. Warren,warretj01,SF,22,PHO,47,4,1070,221,441,0.501,28,70,0.4,193,371,0.52,0.533,45,64,0.703,57,90,147,44,37,16,32,94,515,0,1
546,C.J. Watson,watsocj01,PG,31,ORL,33,2,656,47,137,0.343,14,48,0.292,33,89,0.371,0.394,34,39,0.872,10,56,66,88,19,5,25,49,142,0,1
547,Briante Weber,weberbr01,PG,23,TOT,7,4,169,14,39,0.359,0,5,0,14,34,0.412,0.359,3,4,0.75,8,17,25,21,9,3,9,12,31,1,1
550,Sonny Weems,weemsso01,SG-SF,29,TOT,43,0,499,42,110,0.382,15,41,0.366,27,69,0.391,0.45,8,15,0.533,7,46,53,49,10,1,41,47,107,1,1
553,David West,westda01,PF,35,SAS,78,19,1404,244,448,0.545,3,7,0.429,241,441,0.546,0.548,63,80,0.788,72,237,309,143,44,55,68,142,554,0,1
554,Russell Westbrook,westbru01,PG,27,OKC,80,80,2750,656,1444,0.454,101,341,0.296,555,1103,0.503,0.489,465,573,0.812,145,481,626,834,163,20,342,200,1878,0,1
555,Hassan Whiteside,whiteha01,C,26,MIA,73,43,2125,413,682,0.606,0,0,0,413,682,0.606,0.606,214,329,0.65,238,627,865,30,44,269,137,201,1040,0,1
556,Shayne Whittington,whittsh01,PF,24,IND,7,0,41,5,11,0.455,0,2,0,5,9,0.556,0.455,1,2,0.5,5,7,12,3,1,1,5,7,11,0,1
557,Andrew Wiggins,wiggian01,SF,20,MIN,81,81,2845,594,1294,0.459,57,190,0.3,537,1104,0.486,0.481,430,565,0.761,105,186,291,164,78,46,182,165,1675,0,1
558,C.J. Wilcox,wilcocj01,SG,25,LAC,23,0,167,26,66,0.394,9,23,0.391,17,43,0.395,0.462,9,12,0.75,1,11,12,10,10,2,2,15,70,0,1
559,Alan Williams,willial03,PF,23,PHO,10,0,68,10,24,0.417,0,0,0,10,24,0.417,0.417,9,14,0.643,14,24,38,5,4,5,6,15,29,0,1
560,Deron Williams,willide01,PG,31,DAL,65,63,2106,321,775,0.414,97,282,0.344,224,493,0.454,0.477,179,206,0.869,19,171,190,378,61,14,150,155,918,0,1
561,Derrick Williams,willide02,SF,24,NYK,80,9,1435,254,565,0.45,44,150,0.293,210,415,0.506,0.488,194,256,0.758,47,249,296,75,29,9,61,69,746,0,1
562,Elliot Williams,williel01,PG,26,MEM,5,0,45,2,10,0.2,1,4,0.25,1,6,0.167,0.25,3,4,0.75,1,3,4,4,0,0,1,2,8,0,1
563,Lou Williams,willilo02,SG,29,LAL,67,35,1907,283,693,0.408,110,320,0.344,173,373,0.464,0.488,352,424,0.83,31,138,169,167,62,19,107,107,1028,0,1
564,Marvin Williams,willima02,PF,29,CHO,81,81,2338,338,747,0.452,152,378,0.402,186,369,0.504,0.554,120,144,0.833,127,394,521,110,58,77,62,133,948,0,1
565,Mo Williams,willima01,PG,33,CLE,41,14,748,132,302,0.437,36,102,0.353,96,200,0.48,0.497,38,42,0.905,6,66,72,98,14,5,57,60,338,0,1
566,Justise Winslow,winslju01,SF,19,MIA,78,8,2232,195,462,0.422,32,116,0.276,163,346,0.471,0.457,80,117,0.684,81,322,403,117,68,26,95,184,502,0,1
567,Jeff Withey,witheje01,C,25,UTA,51,10,658,87,162,0.537,0,2,0,87,160,0.544,0.537,43,59,0.729,56,117,173,20,21,53,28,75,217,0,1
568,Christian Wood,woodch01,PF,20,PHI,17,0,145,22,53,0.415,4,11,0.364,18,42,0.429,0.453,13,21,0.619,13,25,38,3,5,7,2,11,61,0,1
569,Metta World Peace,artesro01,SF,36,LAL,35,5,590,55,177,0.311,26,84,0.31,29,93,0.312,0.384,40,57,0.702,19,70,89,27,22,11,15,67,176,0,1
570,Brandan Wright,wrighbr03,PF,28,MEM,12,2,212,35,52,0.673,0,0,0,35,52,0.673,0.673,13,24,0.542,14,29,43,6,5,15,10,21,83,0,1
571,Delon Wright,wrighde01,PG,23,TOR,27,1,229,36,80,0.45,5,13,0.385,31,67,0.463,0.481,26,35,0.743,8,29,37,31,8,3,16,7,103,0,1
572,Tony Wroten,wroteto01,PG,22,PHI,8,3,144,22,65,0.338,3,17,0.176,19,48,0.396,0.362,20,37,0.541,2,19,21,20,3,0,29,11,67,0,1
573,James Young,youngja01,SG,20,BOS,29,0,199,11,36,0.306,6,26,0.231,5,10,0.5,0.389,1,4,0.25,4,22,26,9,6,1,5,17,29,0,1
574,Joe Young,youngjo01,PG,23,IND,41,0,384,62,169,0.367,10,46,0.217,52,123,0.423,0.396,20,25,0.8,6,44,50,65,15,0,33,30,154,0,1
575,Nick Young,youngni01,SG,30,LAL,54,2,1033,126,372,0.339,77,237,0.325,49,135,0.363,0.442,63,76,0.829,14,83,97,34,23,7,30,50,392,0,1
576,Thaddeus Young,youngth01,PF,27,BRK,73,73,2407,495,963,0.514,7,30,0.233,488,933,0.523,0.518,105,163,0.644,176,484,660,136,112,37,136,182,1102,0,1
577,Cody Zeller,zelleco01,C,23,CHO,73,60,1774,231,437,0.529,1,10,0.1,230,427,0.539,0.53,175,232,0.754,138,317,455,71,57,63,68,204,638,0,1
578,Tyler Zeller,zellety01,C,26,BOS,60,3,710,138,290,0.476,0,0,0,138,290,0.476,0.476,88,108,0.815,62,116,178,29,10,22,46,97,364,0,1
